nombre_hp,id_run,valor_json,dtype
max_depth,884,"{""value"": 10}",int
weight_decay,459,"{""value"": 0.00918}",float
num_epochs,708,"{""value"": 16}",int
colsample_bytree,30,"{""value"": 0.79}",float
momentum,507,"{""value"": 0.52}",float
early_stopping_rounds,537,"{""value"": 21}",int
patience,66,"{""value"": 20}",int
hidden_size,492,"{""value"": 16}",int
dropout,1065,"{""value"": 0.25}",float
num_layers,1045,"{""value"": 4}",int
loss_function,1035,"{""value"": ""mae""}",enum
min_samples_split,1451,"{""value"": 2}",int
min_samples_leaf,913,"{""value"": 3}",int
activation,581,"{""value"": ""selu""}",enum
random_seed,509,"{""value"": 90266}",int
batch_size,1455,"{""value"": 32}",int
regularization_lambda,1496,"{""value"": 0.80}",float
optimizer,848,"{""value"": ""adam""}",enum
subsample,1498,"{""value"": 0.94}",float
learning_rate,1050,"{""value"": 0.00700}",float
random_seed,48,"{""value"": 28550}",int
num_epochs,307,"{""value"": 158}",int
subsample,333,"{""value"": 0.67}",float
optimizer,157,"{""value"": ""adamw""}",enum
momentum,623,"{""value"": 0.33}",float
max_depth,1011,"{""value"": 6}",int
learning_rate,315,"{""value"": 0.00213}",float
num_layers,642,"{""value"": 9}",int
loss_function,1444,"{""value"": ""mae""}",enum
dropout,229,"{""value"": 0.47}",float
weight_decay,1128,"{""value"": 0.00225}",float
colsample_bytree,178,"{""value"": 0.73}",float
activation,879,"{""value"": ""gelu""}",enum
patience,139,"{""value"": 20}",int
regularization_lambda,668,"{""value"": 0.85}",float
hidden_size,347,"{""value"": 16}",int
min_samples_leaf,764,"{""value"": 3}",int
min_samples_split,1109,"{""value"": 20}",int
batch_size,1052,"{""value"": 64}",int
early_stopping_rounds,837,"{""value"": 16}",int
dropout,1223,"{""value"": 0.27}",float
min_samples_leaf,932,"{""value"": 8}",int
loss_function,871,"{""value"": ""mae""}",enum
min_samples_split,506,"{""value"": 9}",int
activation,1390,"{""value"": ""sigmoid""}",enum
patience,627,"{""value"": 15}",int
random_seed,1359,"{""value"": 40594}",int
optimizer,1397,"{""value"": ""sgd""}",enum
num_layers,1029,"{""value"": 3}",int
colsample_bytree,1233,"{""value"": 0.64}",float
batch_size,404,"{""value"": 128}",int
early_stopping_rounds,345,"{""value"": 49}",int
subsample,852,"{""value"": 0.54}",float
regularization_lambda,731,"{""value"": 0.25}",float
learning_rate,797,"{""value"": 0.00947}",float
max_depth,760,"{""value"": 5}",int
num_epochs,955,"{""value"": 76}",int
hidden_size,102,"{""value"": 256}",int
weight_decay,675,"{""value"": 0.00578}",float
momentum,1214,"{""value"": 0.67}",float
learning_rate,300,"{""value"": 0.00174}",float
weight_decay,671,"{""value"": 0.00285}",float
random_seed,132,"{""value"": 14723}",int
batch_size,864,"{""value"": 32}",int
hidden_size,961,"{""value"": 512}",int
colsample_bytree,342,"{""value"": 0.69}",float
regularization_lambda,1406,"{""value"": 0.40}",float
min_samples_split,306,"{""value"": 20}",int
loss_function,445,"{""value"": ""mse""}",enum
max_depth,869,"{""value"": 3}",int
num_epochs,70,"{""value"": 88}",int
activation,15,"{""value"": ""relu""}",enum
momentum,1389,"{""value"": 0.22}",float
subsample,186,"{""value"": 0.88}",float
patience,148,"{""value"": 18}",int
min_samples_leaf,296,"{""value"": 2}",int
dropout,368,"{""value"": 0.51}",float
optimizer,1014,"{""value"": ""adamw""}",enum
num_layers,965,"{""value"": 5}",int
early_stopping_rounds,920,"{""value"": 50}",int
num_epochs,431,"{""value"": 86}",int
batch_size,10,"{""value"": 256}",int
subsample,1237,"{""value"": 0.98}",float
patience,748,"{""value"": 18}",int
loss_function,664,"{""value"": ""mse""}",enum
random_seed,604,"{""value"": 10011}",int
optimizer,982,"{""value"": ""sgd""}",enum
colsample_bytree,633,"{""value"": 0.97}",float
momentum,1282,"{""value"": 0.92}",float
learning_rate,1380,"{""value"": 0.00899}",float
num_layers,1123,"{""value"": 8}",int
early_stopping_rounds,574,"{""value"": 27}",int
max_depth,317,"{""value"": 14}",int
dropout,1480,"{""value"": 0.23}",float
activation,930,"{""value"": ""sigmoid""}",enum
hidden_size,1312,"{""value"": 512}",int
weight_decay,228,"{""value"": 0.00788}",float
regularization_lambda,395,"{""value"": 0.95}",float
min_samples_leaf,1403,"{""value"": 9}",int
min_samples_split,316,"{""value"": 18}",int
weight_decay,469,"{""value"": 0.00148}",float
num_layers,1464,"{""value"": 1}",int
colsample_bytree,71,"{""value"": 0.70}",float
activation,1450,"{""value"": ""gelu""}",enum
early_stopping_rounds,425,"{""value"": 27}",int
hidden_size,1211,"{""value"": 64}",int
optimizer,1481,"{""value"": ""adamw""}",enum
regularization_lambda,1316,"{""value"": 0.77}",float
min_samples_split,1354,"{""value"": 15}",int
momentum,1360,"{""value"": 0.28}",float
max_depth,823,"{""value"": 21}",int
min_samples_leaf,62,"{""value"": 1}",int
batch_size,877,"{""value"": 32}",int
patience,802,"{""value"": 7}",int
dropout,352,"{""value"": 0.46}",float
num_epochs,900,"{""value"": 89}",int
subsample,1425,"{""value"": 0.78}",float
loss_function,1141,"{""value"": ""mse""}",enum
learning_rate,353,"{""value"": 0.00446}",float
random_seed,1394,"{""value"": 29186}",int
max_depth,268,"{""value"": 3}",int
batch_size,749,"{""value"": 64}",int
early_stopping_rounds,1355,"{""value"": 41}",int
hidden_size,538,"{""value"": 32}",int
dropout,146,"{""value"": 0.25}",float
min_samples_split,876,"{""value"": 3}",int
num_layers,656,"{""value"": 9}",int
num_epochs,702,"{""value"": 119}",int
momentum,1469,"{""value"": 0.11}",float
subsample,1271,"{""value"": 0.64}",float
loss_function,1120,"{""value"": ""mse""}",enum
min_samples_leaf,546,"{""value"": 5}",int
weight_decay,443,"{""value"": 0.00850}",float
activation,1181,"{""value"": ""gelu""}",enum
regularization_lambda,485,"{""value"": 0.05}",float
optimizer,1198,"{""value"": ""sgd""}",enum
random_seed,233,"{""value"": 29591}",int
learning_rate,438,"{""value"": 0.00350}",float
colsample_bytree,951,"{""value"": 0.56}",float
patience,213,"{""value"": 15}",int
patience,486,"{""value"": 16}",int
min_samples_leaf,572,"{""value"": 10}",int
dropout,1114,"{""value"": 0.38}",float
optimizer,517,"{""value"": ""sgd""}",enum
num_layers,1364,"{""value"": 2}",int
early_stopping_rounds,528,"{""value"": 34}",int
learning_rate,954,"{""value"": 0.00209}",float
weight_decay,530,"{""value"": 0.00957}",float
random_seed,1049,"{""value"": 81042}",int
batch_size,276,"{""value"": 64}",int
hidden_size,1274,"{""value"": 256}",int
colsample_bytree,246,"{""value"": 0.82}",float
regularization_lambda,451,"{""value"": 0.74}",float
min_samples_split,1442,"{""value"": 19}",int
loss_function,1369,"{""value"": ""cross_entropy""}",enum
max_depth,588,"{""value"": 19}",int
num_epochs,1474,"{""value"": 160}",int
activation,967,"{""value"": ""selu""}",enum
momentum,1446,"{""value"": 0.88}",float
subsample,924,"{""value"": 0.60}",float
min_samples_split,1131,"{""value"": 19}",int
learning_rate,234,"{""value"": 0.00501}",float
weight_decay,1089,"{""value"": 0.00683}",float
activation,620,"{""value"": ""gelu""}",enum
subsample,875,"{""value"": 0.92}",float
hidden_size,1340,"{""value"": 16}",int
min_samples_leaf,1017,"{""value"": 2}",int
max_depth,780,"{""value"": 24}",int
optimizer,65,"{""value"": ""adamw""}",enum
batch_size,125,"{""value"": 256}",int
early_stopping_rounds,975,"{""value"": 50}",int
loss_function,560,"{""value"": ""mse""}",enum
dropout,1043,"{""value"": 0.35}",float
num_epochs,505,"{""value"": 135}",int
momentum,942,"{""value"": 0.02}",float
random_seed,527,"{""value"": 4464}",int
colsample_bytree,8,"{""value"": 0.62}",float
regularization_lambda,452,"{""value"": 0.03}",float
num_layers,889,"{""value"": 8}",int
patience,1148,"{""value"": 3}",int
min_samples_leaf,1051,"{""value"": 5}",int
num_epochs,1060,"{""value"": 148}",int
regularization_lambda,1208,"{""value"": 0.63}",float
random_seed,1279,"{""value"": 99131}",int
max_depth,808,"{""value"": 11}",int
min_samples_split,501,"{""value"": 10}",int
weight_decay,680,"{""value"": 0.00979}",float
activation,1187,"{""value"": ""tanh""}",enum
momentum,548,"{""value"": 0.46}",float
patience,69,"{""value"": 18}",int
learning_rate,1008,"{""value"": 0.00285}",float
optimizer,1039,"{""value"": ""adam""}",enum
batch_size,129,"{""value"": 16}",int
subsample,1158,"{""value"": 0.63}",float
dropout,773,"{""value"": 0.47}",float
hidden_size,902,"{""value"": 64}",int
colsample_bytree,1020,"{""value"": 0.50}",float
loss_function,729,"{""value"": ""mae""}",enum
num_layers,1478,"{""value"": 6}",int
early_stopping_rounds,743,"{""value"": 37}",int
patience,257,"{""value"": 14}",int
loss_function,376,"{""value"": ""mae""}",enum
random_seed,9,"{""value"": 58857}",int
optimizer,429,"{""value"": ""adamw""}",enum
colsample_bytree,493,"{""value"": 0.91}",float
momentum,282,"{""value"": 0.03}",float
learning_rate,870,"{""value"": 0.00936}",float
num_layers,1238,"{""value"": 8}",int
early_stopping_rounds,968,"{""value"": 10}",int
max_depth,730,"{""value"": 16}",int
dropout,1415,"{""value"": 0.42}",float
activation,187,"{""value"": ""selu""}",enum
hidden_size,812,"{""value"": 64}",int
weight_decay,921,"{""value"": 0.00139}",float
regularization_lambda,541,"{""value"": 0.93}",float
min_samples_leaf,1253,"{""value"": 1}",int
min_samples_split,1078,"{""value"": 2}",int
num_epochs,1162,"{""value"": 139}",int
batch_size,1246,"{""value"": 256}",int
subsample,984,"{""value"": 0.54}",float
activation,305,"{""value"": ""gelu""}",enum
early_stopping_rounds,923,"{""value"": 32}",int
hidden_size,312,"{""value"": 256}",int
optimizer,1500,"{""value"": ""adamw""}",enum
regularization_lambda,969,"{""value"": 0.88}",float
min_samples_split,481,"{""value"": 8}",int
momentum,484,"{""value"": 0.90}",float
max_depth,929,"{""value"": 21}",int
min_samples_leaf,1350,"{""value"": 6}",int
batch_size,807,"{""value"": 128}",int
patience,559,"{""value"": 8}",int
dropout,508,"{""value"": 0.05}",float
num_epochs,1257,"{""value"": 169}",int
subsample,573,"{""value"": 0.65}",float
loss_function,699,"{""value"": ""mse""}",enum
learning_rate,718,"{""value"": 0.00457}",float
random_seed,695,"{""value"": 92314}",int
weight_decay,1161,"{""value"": 0.00086}",float
num_layers,567,"{""value"": 7}",int
colsample_bytree,777,"{""value"": 0.59}",float
batch_size,1027,"{""value"": 128}",int
subsample,126,"{""value"": 0.92}",float
random_seed,897,"{""value"": 49200}",int
min_samples_split,1329,"{""value"": 11}",int
colsample_bytree,614,"{""value"": 0.88}",float
activation,68,"{""value"": ""selu""}",enum
momentum,249,"{""value"": 0.12}",float
hidden_size,295,"{""value"": 32}",int
learning_rate,58,"{""value"": 0.00248}",float
min_samples_leaf,454,"{""value"": 6}",int
optimizer,1203,"{""value"": ""adam""}",enum
num_epochs,622,"{""value"": 20}",int
regularization_lambda,1373,"{""value"": 0.18}",float
max_depth,351,"{""value"": 14}",int
loss_function,977,"{""value"": ""mse""}",enum
num_layers,1130,"{""value"": 4}",int
patience,1255,"{""value"": 14}",int
weight_decay,709,"{""value"": 0.00711}",float
early_stopping_rounds,736,"{""value"": 17}",int
dropout,304,"{""value"": 0.58}",float
patience,1293,"{""value"": 14}",int
random_seed,534,"{""value"": 91821}",int
optimizer,318,"{""value"": ""rmsprop""}",enum
num_layers,737,"{""value"": 7}",int
colsample_bytree,1421,"{""value"": 0.63}",float
batch_size,1048,"{""value"": 16}",int
early_stopping_rounds,1040,"{""value"": 11}",int
subsample,510,"{""value"": 0.50}",float
regularization_lambda,78,"{""value"": 0.87}",float
learning_rate,230,"{""value"": 0.00498}",float
max_depth,945,"{""value"": 23}",int
num_epochs,174,"{""value"": 163}",int
hidden_size,1136,"{""value"": 32}",int
weight_decay,545,"{""value"": 0.00023}",float
momentum,176,"{""value"": 0.61}",float
dropout,663,"{""value"": 0.54}",float
min_samples_leaf,360,"{""value"": 1}",int
loss_function,696,"{""value"": ""cross_entropy""}",enum
min_samples_split,1152,"{""value"": 13}",int
activation,998,"{""value"": ""selu""}",enum
patience,522,"{""value"": 7}",int
min_samples_split,1160,"{""value"": 13}",int
learning_rate,209,"{""value"": 0.00473}",float
weight_decay,6,"{""value"": 0.00927}",float
activation,112,"{""value"": ""tanh""}",enum
subsample,778,"{""value"": 0.67}",float
hidden_size,1096,"{""value"": 64}",int
min_samples_leaf,144,"{""value"": 6}",int
max_depth,4,"{""value"": 3}",int
optimizer,314,"{""value"": ""rmsprop""}",enum
batch_size,271,"{""value"": 128}",int
early_stopping_rounds,893,"{""value"": 8}",int
loss_function,200,"{""value"": ""mse""}",enum
dropout,744,"{""value"": 0.16}",float
num_epochs,845,"{""value"": 90}",int
momentum,502,"{""value"": 0.16}",float
random_seed,88,"{""value"": 86447}",int
colsample_bytree,1463,"{""value"": 0.88}",float
regularization_lambda,1094,"{""value"": 0.04}",float
num_layers,1234,"{""value"": 4}",int
subsample,193,"{""value"": 0.80}",float
dropout,740,"{""value"": 0.42}",float
hidden_size,1135,"{""value"": 16}",int
colsample_bytree,340,"{""value"": 0.95}",float
loss_function,840,"{""value"": ""cross_entropy""}",enum
num_layers,524,"{""value"": 5}",int
early_stopping_rounds,1036,"{""value"": 18}",int
min_samples_leaf,974,"{""value"": 6}",int
num_epochs,1090,"{""value"": 132}",int
regularization_lambda,558,"{""value"": 0.57}",float
random_seed,417,"{""value"": 33943}",int
max_depth,654,"{""value"": 13}",int
min_samples_split,1280,"{""value"": 12}",int
weight_decay,819,"{""value"": 0.00674}",float
activation,672,"{""value"": ""relu""}",enum
momentum,84,"{""value"": 0.57}",float
patience,334,"{""value"": 19}",int
learning_rate,1291,"{""value"": 0.00358}",float
optimizer,1289,"{""value"": ""adam""}",enum
batch_size,149,"{""value"": 16}",int
subsample,690,"{""value"": 0.72}",float
learning_rate,339,"{""value"": 0.00584}",float
max_depth,163,"{""value"": 12}",int
weight_decay,570,"{""value"": 0.00306}",float
num_epochs,348,"{""value"": 48}",int
colsample_bytree,1331,"{""value"": 0.76}",float
momentum,844,"{""value"": 0.98}",float
early_stopping_rounds,769,"{""value"": 10}",int
patience,1076,"{""value"": 14}",int
hidden_size,471,"{""value"": 128}",int
dropout,752,"{""value"": 0.43}",float
num_layers,1428,"{""value"": 7}",int
loss_function,473,"{""value"": ""mae""}",enum
min_samples_split,370,"{""value"": 10}",int
min_samples_leaf,556,"{""value"": 10}",int
activation,444,"{""value"": ""selu""}",enum
random_seed,934,"{""value"": 49847}",int
batch_size,122,"{""value"": 16}",int
regularization_lambda,357,"{""value"": 0.72}",float
optimizer,456,"{""value"": ""rmsprop""}",enum
dropout,1126,"{""value"": 0.46}",float
optimizer,76,"{""value"": ""rmsprop""}",enum
min_samples_split,1083,"{""value"": 10}",int
activation,393,"{""value"": ""relu""}",enum
subsample,320,"{""value"": 0.68}",float
hidden_size,180,"{""value"": 64}",int
max_depth,824,"{""value"": 10}",int
colsample_bytree,105,"{""value"": 0.78}",float
early_stopping_rounds,433,"{""value"": 36}",int
min_samples_leaf,1220,"{""value"": 2}",int
batch_size,391,"{""value"": 16}",int
loss_function,1085,"{""value"": ""cross_entropy""}",enum
num_epochs,698,"{""value"": 163}",int
regularization_lambda,453,"{""value"": 0.42}",float
weight_decay,818,"{""value"": 0.00976}",float
momentum,726,"{""value"": 0.75}",float
random_seed,597,"{""value"": 87642}",int
num_layers,827,"{""value"": 5}",int
patience,277,"{""value"": 14}",int
learning_rate,806,"{""value"": 0.00700}",float
activation,1227,"{""value"": ""relu""}",enum
subsample,329,"{""value"": 0.50}",float
hidden_size,1410,"{""value"": 32}",int
max_depth,189,"{""value"": 5}",int
colsample_bytree,1427,"{""value"": 0.58}",float
early_stopping_rounds,795,"{""value"": 6}",int
min_samples_leaf,1495,"{""value"": 6}",int
batch_size,661,"{""value"": 64}",int
loss_function,1447,"{""value"": ""mse""}",enum
num_epochs,939,"{""value"": 110}",int
regularization_lambda,732,"{""value"": 1.00}",float
weight_decay,886,"{""value"": 0.00052}",float
momentum,1437,"{""value"": 0.28}",float
random_seed,475,"{""value"": 72474}",int
num_layers,599,"{""value"": 10}",int
patience,262,"{""value"": 5}",int
learning_rate,915,"{""value"": 0.00361}",float
dropout,963,"{""value"": 0.44}",float
optimizer,298,"{""value"": ""rmsprop""}",enum
min_samples_split,299,"{""value"": 16}",int
loss_function,810,"{""value"": ""mae""}",enum
min_samples_leaf,140,"{""value"": 6}",int
optimizer,1107,"{""value"": ""sgd""}",enum
weight_decay,461,"{""value"": 0.00819}",float
num_layers,972,"{""value"": 8}",int
early_stopping_rounds,853,"{""value"": 10}",int
regularization_lambda,1315,"{""value"": 0.52}",float
random_seed,523,"{""value"": 84729}",int
min_samples_split,1151,"{""value"": 17}",int
patience,197,"{""value"": 19}",int
max_depth,891,"{""value"": 12}",int
activation,1353,"{""value"": ""relu""}",enum
learning_rate,516,"{""value"": 0.00692}",float
batch_size,359,"{""value"": 256}",int
hidden_size,1374,"{""value"": 64}",int
num_epochs,1055,"{""value"": 198}",int
subsample,1453,"{""value"": 0.73}",float
dropout,110,"{""value"": 0.57}",float
colsample_bytree,636,"{""value"": 0.94}",float
momentum,621,"{""value"": 0.88}",float
patience,701,"{""value"": 9}",int
optimizer,25,"{""value"": ""rmsprop""}",enum
activation,788,"{""value"": ""relu""}",enum
regularization_lambda,676,"{""value"": 0.29}",float
dropout,421,"{""value"": 0.39}",float
num_layers,734,"{""value"": 1}",int
early_stopping_rounds,494,"{""value"": 10}",int
subsample,1079,"{""value"": 0.97}",float
random_seed,150,"{""value"": 31119}",int
min_samples_leaf,1388,"{""value"": 3}",int
max_depth,895,"{""value"": 24}",int
weight_decay,793,"{""value"": 0.00849}",float
batch_size,158,"{""value"": 128}",int
momentum,1064,"{""value"": 0.29}",float
hidden_size,1028,"{""value"": 128}",int
min_samples_split,948,"{""value"": 11}",int
learning_rate,1347,"{""value"": 0.00781}",float
colsample_bytree,1215,"{""value"": 0.73}",float
loss_function,109,"{""value"": ""mse""}",enum
num_epochs,632,"{""value"": 18}",int
colsample_bytree,878,"{""value"": 0.59}",float
early_stopping_rounds,476,"{""value"": 11}",int
learning_rate,590,"{""value"": 0.00469}",float
optimizer,616,"{""value"": ""rmsprop""}",enum
num_epochs,415,"{""value"": 99}",int
loss_function,595,"{""value"": ""huber""}",enum
hidden_size,1407,"{""value"": 512}",int
random_seed,56,"{""value"": 94091}",int
max_depth,1278,"{""value"": 22}",int
num_layers,719,"{""value"": 5}",int
activation,1468,"{""value"": ""sigmoid""}",enum
patience,615,"{""value"": 8}",int
dropout,1150,"{""value"": 0.53}",float
batch_size,1479,"{""value"": 32}",int
regularization_lambda,32,"{""value"": 0.94}",float
weight_decay,1307,"{""value"": 0.00443}",float
subsample,753,"{""value"": 0.84}",float
min_samples_split,87,"{""value"": 12}",int
momentum,1193,"{""value"": 0.62}",float
min_samples_leaf,988,"{""value"": 10}",int
weight_decay,898,"{""value"": 0.00709}",float
early_stopping_rounds,814,"{""value"": 21}",int
dropout,910,"{""value"": 0.00}",float
batch_size,1405,"{""value"": 256}",int
subsample,854,"{""value"": 0.61}",float
random_seed,973,"{""value"": 39391}",int
min_samples_split,480,"{""value"": 14}",int
colsample_bytree,374,"{""value"": 0.73}",float
activation,1308,"{""value"": ""selu""}",enum
momentum,512,"{""value"": 0.28}",float
hidden_size,683,"{""value"": 64}",int
learning_rate,1472,"{""value"": 0.00158}",float
min_samples_leaf,518,"{""value"": 1}",int
optimizer,1147,"{""value"": ""sgd""}",enum
num_epochs,838,"{""value"": 16}",int
regularization_lambda,36,"{""value"": 0.67}",float
max_depth,721,"{""value"": 5}",int
loss_function,1149,"{""value"": ""huber""}",enum
num_layers,520,"{""value"": 1}",int
patience,1386,"{""value"": 4}",int
early_stopping_rounds,160,"{""value"": 29}",int
learning_rate,727,"{""value"": 0.00291}",float
weight_decay,373,"{""value"": 0.00729}",float
random_seed,928,"{""value"": 52968}",int
batch_size,31,"{""value"": 128}",int
hidden_size,124,"{""value"": 32}",int
colsample_bytree,335,"{""value"": 0.54}",float
regularization_lambda,1382,"{""value"": 0.85}",float
min_samples_split,997,"{""value"": 14}",int
loss_function,92,"{""value"": ""huber""}",enum
max_depth,1175,"{""value"": 10}",int
num_epochs,61,"{""value"": 143}",int
activation,625,"{""value"": ""gelu""}",enum
momentum,791,"{""value"": 0.16}",float
subsample,260,"{""value"": 0.81}",float
patience,1392,"{""value"": 19}",int
min_samples_leaf,216,"{""value"": 8}",int
dropout,1221,"{""value"": 0.27}",float
optimizer,890,"{""value"": ""sgd""}",enum
num_layers,1325,"{""value"": 4}",int
optimizer,964,"{""value"": ""rmsprop""}",enum
batch_size,371,"{""value"": 64}",int
subsample,338,"{""value"": 0.90}",float
dropout,1259,"{""value"": 0.02}",float
hidden_size,1031,"{""value"": 512}",int
colsample_bytree,138,"{""value"": 0.53}",float
loss_function,275,"{""value"": ""huber""}",enum
num_layers,369,"{""value"": 8}",int
early_stopping_rounds,553,"{""value"": 44}",int
min_samples_leaf,529,"{""value"": 5}",int
num_epochs,990,"{""value"": 40}",int
regularization_lambda,776,"{""value"": 0.96}",float
random_seed,164,"{""value"": 33260}",int
max_depth,1002,"{""value"": 8}",int
min_samples_split,1337,"{""value"": 3}",int
weight_decay,949,"{""value"": 0.00278}",float
activation,1431,"{""value"": ""gelu""}",enum
momentum,183,"{""value"": 0.37}",float
patience,833,"{""value"": 10}",int
learning_rate,511,"{""value"": 0.00645}",float
weight_decay,771,"{""value"": 0.00894}",float
num_layers,1460,"{""value"": 8}",int
early_stopping_rounds,17,"{""value"": 50}",int
regularization_lambda,720,"{""value"": 0.60}",float
random_seed,761,"{""value"": 57662}",int
min_samples_split,1239,"{""value"": 9}",int
patience,585,"{""value"": 6}",int
max_depth,119,"{""value"": 19}",int
activation,367,"{""value"": ""sigmoid""}",enum
learning_rate,1099,"{""value"": 0.00881}",float
batch_size,822,"{""value"": 16}",int
hidden_size,188,"{""value"": 256}",int
num_epochs,114,"{""value"": 122}",int
subsample,143,"{""value"": 0.83}",float
dropout,77,"{""value"": 0.00}",float
colsample_bytree,916,"{""value"": 0.77}",float
momentum,250,"{""value"": 0.14}",float
loss_function,1484,"{""value"": ""huber""}",enum
min_samples_leaf,831,"{""value"": 7}",int
optimizer,670,"{""value"": ""adam""}",enum
min_samples_leaf,487,"{""value"": 2}",int
weight_decay,862,"{""value"": 0.00810}",float
batch_size,1320,"{""value"": 32}",int
momentum,323,"{""value"": 0.11}",float
early_stopping_rounds,1210,"{""value"": 23}",int
learning_rate,867,"{""value"": 0.00764}",float
random_seed,714,"{""value"": 76020}",int
dropout,1356,"{""value"": 0.18}",float
min_samples_split,375,"{""value"": 5}",int
colsample_bytree,1430,"{""value"": 0.72}",float
loss_function,256,"{""value"": ""mse""}",enum
optimizer,117,"{""value"": ""sgd""}",enum
activation,414,"{""value"": ""selu""}",enum
hidden_size,1342,"{""value"": 128}",int
num_epochs,953,"{""value"": 20}",int
regularization_lambda,1277,"{""value"": 0.51}",float
num_layers,1003,"{""value"": 7}",int
subsample,448,"{""value"": 0.88}",float
max_depth,846,"{""value"": 16}",int
patience,803,"{""value"": 4}",int
weight_decay,399,"{""value"": 0.00752}",float
activation,881,"{""value"": ""tanh""}",enum
momentum,500,"{""value"": 0.87}",float
patience,1077,"{""value"": 7}",int
learning_rate,383,"{""value"": 0.00444}",float
optimizer,1488,"{""value"": ""sgd""}",enum
batch_size,392,"{""value"": 32}",int
subsample,280,"{""value"": 0.87}",float
dropout,179,"{""value"": 0.18}",float
hidden_size,1016,"{""value"": 32}",int
colsample_bytree,576,"{""value"": 0.79}",float
loss_function,1226,"{""value"": ""cross_entropy""}",enum
num_layers,1115,"{""value"": 5}",int
early_stopping_rounds,379,"{""value"": 12}",int
min_samples_leaf,1185,"{""value"": 9}",int
num_epochs,728,"{""value"": 196}",int
regularization_lambda,86,"{""value"": 0.69}",float
random_seed,1124,"{""value"": 83818}",int
max_depth,741,"{""value"": 17}",int
min_samples_split,1053,"{""value"": 4}",int
regularization_lambda,131,"{""value"": 0.87}",float
optimizer,1263,"{""value"": ""rmsprop""}",enum
random_seed,688,"{""value"": 69574}",int
learning_rate,1170,"{""value"": 0.00820}",float
colsample_bytree,1367,"{""value"": 0.99}",float
patience,938,"{""value"": 9}",int
max_depth,859,"{""value"": 5}",int
batch_size,887,"{""value"": 32}",int
early_stopping_rounds,989,"{""value"": 11}",int
hidden_size,1122,"{""value"": 512}",int
dropout,987,"{""value"": 0.18}",float
min_samples_split,90,"{""value"": 6}",int
num_layers,825,"{""value"": 9}",int
num_epochs,38,"{""value"": 19}",int
momentum,705,"{""value"": 0.74}",float
subsample,638,"{""value"": 0.93}",float
loss_function,1292,"{""value"": ""mse""}",enum
min_samples_leaf,1414,"{""value"": 9}",int
weight_decay,1057,"{""value"": 0.00852}",float
activation,1251,"{""value"": ""tanh""}",enum
colsample_bytree,1396,"{""value"": 0.54}",float
patience,175,"{""value"": 11}",int
max_depth,37,"{""value"": 15}",int
batch_size,1010,"{""value"": 256}",int
early_stopping_rounds,1270,"{""value"": 47}",int
hidden_size,212,"{""value"": 32}",int
dropout,218,"{""value"": 0.18}",float
min_samples_split,607,"{""value"": 6}",int
num_layers,1452,"{""value"": 2}",int
num_epochs,783,"{""value"": 38}",int
momentum,255,"{""value"": 0.09}",float
subsample,679,"{""value"": 0.96}",float
loss_function,1357,"{""value"": ""cross_entropy""}",enum
min_samples_leaf,467,"{""value"": 5}",int
weight_decay,1015,"{""value"": 0.00342}",float
activation,441,"{""value"": ""sigmoid""}",enum
regularization_lambda,1445,"{""value"": 0.16}",float
optimizer,1454,"{""value"": ""rmsprop""}",enum
random_seed,1070,"{""value"": 23634}",int
learning_rate,711,"{""value"": 0.00840}",float
num_epochs,412,"{""value"": 40}",int
loss_function,1313,"{""value"": ""mae""}",enum
hidden_size,396,"{""value"": 128}",int
random_seed,1116,"{""value"": 26043}",int
max_depth,1196,"{""value"": 14}",int
num_layers,644,"{""value"": 3}",int
activation,1182,"{""value"": ""relu""}",enum
patience,184,"{""value"": 15}",int
dropout,1032,"{""value"": 0.53}",float
batch_size,1343,"{""value"": 16}",int
regularization_lambda,394,"{""value"": 0.86}",float
weight_decay,704,"{""value"": 0.01000}",float
subsample,418,"{""value"": 0.59}",float
min_samples_split,956,"{""value"": 17}",int
momentum,1393,"{""value"": 0.60}",float
min_samples_leaf,152,"{""value"": 3}",int
colsample_bytree,1433,"{""value"": 0.77}",float
early_stopping_rounds,1377,"{""value"": 42}",int
learning_rate,1197,"{""value"": 0.00759}",float
optimizer,310,"{""value"": ""sgd""}",enum
dropout,12,"{""value"": 0.55}",float
max_depth,750,"{""value"": 23}",int
min_samples_split,1038,"{""value"": 13}",int
num_epochs,754,"{""value"": 48}",int
activation,108,"{""value"": ""sigmoid""}",enum
subsample,1457,"{""value"": 0.51}",float
random_seed,582,"{""value"": 67646}",int
num_layers,135,"{""value"": 10}",int
momentum,1351,"{""value"": 0.44}",float
min_samples_leaf,575,"{""value"": 2}",int
learning_rate,1262,"{""value"": 0.00720}",float
batch_size,937,"{""value"": 32}",int
loss_function,1379,"{""value"": ""huber""}",enum
weight_decay,465,"{""value"": 0.00504}",float
hidden_size,865,"{""value"": 32}",int
optimizer,185,"{""value"": ""rmsprop""}",enum
colsample_bytree,331,"{""value"": 0.59}",float
early_stopping_rounds,707,"{""value"": 17}",int
patience,1306,"{""value"": 16}",int
regularization_lambda,468,"{""value"": 0.71}",float
learning_rate,1067,"{""value"": 0.00151}",float
batch_size,344,"{""value"": 128}",int
loss_function,586,"{""value"": ""mse""}",enum
weight_decay,1404,"{""value"": 0.00755}",float
hidden_size,896,"{""value"": 16}",int
optimizer,1092,"{""value"": ""sgd""}",enum
colsample_bytree,798,"{""value"": 0.51}",float
early_stopping_rounds,811,"{""value"": 48}",int
patience,236,"{""value"": 9}",int
regularization_lambda,319,"{""value"": 0.42}",float
dropout,1178,"{""value"": 0.14}",float
max_depth,1155,"{""value"": 10}",int
min_samples_split,909,"{""value"": 19}",int
num_epochs,497,"{""value"": 143}",int
activation,168,"{""value"": ""selu""}",enum
subsample,1167,"{""value"": 0.85}",float
random_seed,790,"{""value"": 33600}",int
num_layers,716,"{""value"": 4}",int
momentum,686,"{""value"": 0.07}",float
min_samples_leaf,291,"{""value"": 9}",int
random_seed,239,"{""value"": 82405}",int
colsample_bytree,128,"{""value"": 0.71}",float
subsample,1231,"{""value"": 0.95}",float
min_samples_leaf,118,"{""value"": 10}",int
num_layers,925,"{""value"": 10}",int
activation,1157,"{""value"": ""tanh""}",enum
early_stopping_rounds,1314,"{""value"": 47}",int
regularization_lambda,941,"{""value"": 0.00}",float
hidden_size,1490,"{""value"": 64}",int
learning_rate,906,"{""value"": 0.00564}",float
min_samples_split,983,"{""value"": 14}",int
weight_decay,868,"{""value"": 0.00738}",float
num_epochs,259,"{""value"": 72}",int
momentum,1345,"{""value"": 0.47}",float
loss_function,691,"{""value"": ""mse""}",enum
max_depth,612,"{""value"": 3}",int
batch_size,1311,"{""value"": 128}",int
patience,1219,"{""value"": 4}",int
optimizer,649,"{""value"": ""rmsprop""}",enum
dropout,847,"{""value"": 0.23}",float
weight_decay,170,"{""value"": 0.00615}",float
early_stopping_rounds,521,"{""value"": 12}",int
dropout,1432,"{""value"": 0.27}",float
batch_size,258,"{""value"": 32}",int
subsample,540,"{""value"": 0.96}",float
random_seed,660,"{""value"": 92674}",int
min_samples_split,799,"{""value"": 10}",int
colsample_bytree,130,"{""value"": 0.68}",float
activation,918,"{""value"": ""sigmoid""}",enum
momentum,557,"{""value"": 0.06}",float
hidden_size,51,"{""value"": 128}",int
learning_rate,199,"{""value"": 0.00938}",float
min_samples_leaf,325,"{""value"": 8}",int
optimizer,243,"{""value"": ""adam""}",enum
num_epochs,284,"{""value"": 109}",int
regularization_lambda,446,"{""value"": 0.42}",float
max_depth,388,"{""value"": 13}",int
loss_function,477,"{""value"": ""cross_entropy""}",enum
num_layers,1243,"{""value"": 6}",int
patience,785,"{""value"": 11}",int
early_stopping_rounds,816,"{""value"": 49}",int
patience,821,"{""value"": 12}",int
hidden_size,766,"{""value"": 16}",int
dropout,98,"{""value"": 0.39}",float
num_layers,18,"{""value"": 3}",int
loss_function,1491,"{""value"": ""cross_entropy""}",enum
min_samples_split,365,"{""value"": 11}",int
min_samples_leaf,551,"{""value"": 2}",int
activation,723,"{""value"": ""relu""}",enum
random_seed,165,"{""value"": 25386}",int
batch_size,384,"{""value"": 256}",int
regularization_lambda,67,"{""value"": 0.87}",float
optimizer,618,"{""value"": ""adam""}",enum
subsample,1461,"{""value"": 0.78}",float
learning_rate,413,"{""value"": 0.00682}",float
max_depth,634,"{""value"": 22}",int
weight_decay,652,"{""value"": 0.00631}",float
num_epochs,1044,"{""value"": 176}",int
colsample_bytree,422,"{""value"": 0.63}",float
momentum,281,"{""value"": 0.88}",float
patience,1154,"{""value"": 11}",int
learning_rate,647,"{""value"": 0.00718}",float
optimizer,1022,"{""value"": ""adamw""}",enum
batch_size,772,"{""value"": 32}",int
subsample,629,"{""value"": 0.61}",float
dropout,245,"{""value"": 0.43}",float
hidden_size,194,"{""value"": 16}",int
colsample_bytree,550,"{""value"": 0.59}",float
loss_function,1063,"{""value"": ""huber""}",enum
num_layers,533,"{""value"": 8}",int
early_stopping_rounds,1176,"{""value"": 15}",int
min_samples_leaf,935,"{""value"": 10}",int
num_epochs,1111,"{""value"": 52}",int
regularization_lambda,1370,"{""value"": 0.53}",float
random_seed,1062,"{""value"": 5236}",int
max_depth,1188,"{""value"": 13}",int
min_samples_split,674,"{""value"": 8}",int
weight_decay,309,"{""value"": 0.00186}",float
activation,134,"{""value"": ""selu""}",enum
momentum,1273,"{""value"": 0.51}",float
random_seed,1300,"{""value"": 83030}",int
max_depth,1419,"{""value"": 5}",int
min_samples_split,981,"{""value"": 12}",int
weight_decay,724,"{""value"": 0.00824}",float
activation,903,"{""value"": ""gelu""}",enum
momentum,292,"{""value"": 0.02}",float
patience,154,"{""value"": 6}",int
learning_rate,843,"{""value"": 0.00402}",float
optimizer,1228,"{""value"": ""rmsprop""}",enum
batch_size,1202,"{""value"": 128}",int
subsample,959,"{""value"": 0.99}",float
dropout,1321,"{""value"": 0.54}",float
hidden_size,1098,"{""value"": 32}",int
colsample_bytree,768,"{""value"": 0.77}",float
loss_function,758,"{""value"": ""mse""}",enum
num_layers,238,"{""value"": 3}",int
early_stopping_rounds,947,"{""value"": 49}",int
min_samples_leaf,42,"{""value"": 9}",int
num_epochs,35,"{""value"": 58}",int
regularization_lambda,107,"{""value"": 0.96}",float
loss_function,1309,"{""value"": ""mse""}",enum
hidden_size,1487,"{""value"": 256}",int
optimizer,628,"{""value"": ""adamw""}",enum
min_samples_split,1194,"{""value"": 18}",int
num_layers,206,"{""value"": 6}",int
batch_size,91,"{""value"": 256}",int
regularization_lambda,543,"{""value"": 0.34}",float
dropout,1348,"{""value"": 0.58}",float
colsample_bytree,1349,"{""value"": 0.80}",float
subsample,914,"{""value"": 0.97}",float
max_depth,439,"{""value"": 4}",int
min_samples_leaf,1166,"{""value"": 9}",int
activation,1288,"{""value"": ""selu""}",enum
learning_rate,332,"{""value"": 0.00981}",float
num_epochs,943,"{""value"": 185}",int
early_stopping_rounds,46,"{""value"": 10}",int
random_seed,600,"{""value"": 85830}",int
weight_decay,815,"{""value"": 0.00974}",float
momentum,1071,"{""value"": 0.79}",float
patience,1005,"{""value"": 9}",int
hidden_size,240,"{""value"": 128}",int
weight_decay,1113,"{""value"": 0.00946}",float
regularization_lambda,263,"{""value"": 0.98}",float
min_samples_leaf,874,"{""value"": 4}",int
min_samples_split,851,"{""value"": 19}",int
num_epochs,1267,"{""value"": 180}",int
batch_size,1217,"{""value"": 32}",int
subsample,1376,"{""value"": 0.65}",float
patience,958,"{""value"": 8}",int
loss_function,101,"{""value"": ""mae""}",enum
random_seed,1458,"{""value"": 4372}",int
optimizer,311,"{""value"": ""sgd""}",enum
colsample_bytree,1129,"{""value"": 0.54}",float
momentum,1324,"{""value"": 0.92}",float
learning_rate,330,"{""value"": 0.00407}",float
num_layers,1059,"{""value"": 7}",int
early_stopping_rounds,950,"{""value"": 24}",int
max_depth,841,"{""value"": 22}",int
dropout,41,"{""value"": 0.16}",float
activation,645,"{""value"": ""selu""}",enum
loss_function,7,"{""value"": ""cross_entropy""}",enum
min_samples_split,1302,"{""value"": 17}",int
min_samples_leaf,1235,"{""value"": 9}",int
activation,166,"{""value"": ""selu""}",enum
random_seed,350,"{""value"": 23790}",int
batch_size,1093,"{""value"": 128}",int
regularization_lambda,1108,"{""value"": 0.20}",float
optimizer,1183,"{""value"": ""adamw""}",enum
subsample,1209,"{""value"": 0.54}",float
learning_rate,713,"{""value"": 0.00683}",float
max_depth,667,"{""value"": 8}",int
weight_decay,839,"{""value"": 0.00310}",float
num_epochs,192,"{""value"": 46}",int
colsample_bytree,583,"{""value"": 0.54}",float
momentum,1420,"{""value"": 0.12}",float
early_stopping_rounds,1295,"{""value"": 11}",int
patience,437,"{""value"": 17}",int
hidden_size,681,"{""value"": 512}",int
dropout,424,"{""value"": 0.13}",float
num_layers,313,"{""value"": 8}",int
learning_rate,1462,"{""value"": 0.00823}",float
min_samples_split,514,"{""value"": 18}",int
activation,426,"{""value"": ""gelu""}",enum
loss_function,1467,"{""value"": ""huber""}",enum
weight_decay,1168,"{""value"": 0.00003}",float
early_stopping_rounds,436,"{""value"": 19}",int
optimizer,104,"{""value"": ""adam""}",enum
momentum,115,"{""value"": 0.97}",float
dropout,24,"{""value"": 0.14}",float
regularization_lambda,96,"{""value"": 0.29}",float
max_depth,617,"{""value"": 14}",int
colsample_bytree,1318,"{""value"": 0.99}",float
patience,326,"{""value"": 9}",int
hidden_size,72,"{""value"": 512}",int
random_seed,653,"{""value"": 96892}",int
min_samples_leaf,1493,"{""value"": 7}",int
num_layers,1400,"{""value"": 2}",int
num_epochs,16,"{""value"": 91}",int
batch_size,1165,"{""value"": 64}",int
subsample,241,"{""value"": 0.51}",float
random_seed,362,"{""value"": 11190}",int
dropout,111,"{""value"": 0.27}",float
max_depth,1054,"{""value"": 4}",int
colsample_bytree,1456,"{""value"": 0.71}",float
batch_size,828,"{""value"": 32}",int
activation,703,"{""value"": ""selu""}",enum
momentum,591,"{""value"": 0.77}",float
regularization_lambda,666,"{""value"": 0.99}",float
min_samples_leaf,794,"{""value"": 8}",int
num_layers,835,"{""value"": 8}",int
learning_rate,1225,"{""value"": 0.00134}",float
num_epochs,1169,"{""value"": 118}",int
patience,1012,"{""value"": 16}",int
weight_decay,1164,"{""value"": 0.00536}",float
subsample,1199,"{""value"": 0.62}",float
optimizer,489,"{""value"": ""sgd""}",enum
hidden_size,1229,"{""value"": 32}",int
min_samples_split,926,"{""value"": 14}",int
early_stopping_rounds,1173,"{""value"": 39}",int
loss_function,1088,"{""value"": ""cross_entropy""}",enum
batch_size,34,"{""value"": 128}",int
momentum,495,"{""value"": 0.44}",float
hidden_size,842,"{""value"": 256}",int
min_samples_split,796,"{""value"": 5}",int
learning_rate,1363,"{""value"": 0.00432}",float
colsample_bytree,488,"{""value"": 0.56}",float
loss_function,519,"{""value"": ""cross_entropy""}",enum
num_epochs,1074,"{""value"": 41}",int
patience,420,"{""value"": 10}",int
optimizer,610,"{""value"": ""rmsprop""}",enum
activation,380,"{""value"": ""tanh""}",enum
regularization_lambda,578,"{""value"": 0.92}",float
dropout,532,"{""value"": 0.23}",float
num_layers,466,"{""value"": 6}",int
early_stopping_rounds,640,"{""value"": 7}",int
subsample,826,"{""value"": 0.87}",float
random_seed,1439,"{""value"": 70845}",int
min_samples_leaf,1362,"{""value"": 10}",int
max_depth,89,"{""value"": 11}",int
weight_decay,817,"{""value"": 0.00220}",float
subsample,45,"{""value"": 0.51}",float
loss_function,1018,"{""value"": ""huber""}",enum
learning_rate,1084,"{""value"": 0.00843}",float
random_seed,1112,"{""value"": 76855}",int
weight_decay,1344,"{""value"": 0.00976}",float
num_layers,624,"{""value"": 1}",int
colsample_bytree,515,"{""value"": 0.62}",float
activation,1387,"{""value"": ""relu""}",enum
early_stopping_rounds,1276,"{""value"": 47}",int
hidden_size,1275,"{""value"": 64}",int
optimizer,1034,"{""value"": ""sgd""}",enum
regularization_lambda,779,"{""value"": 0.41}",float
min_samples_split,1068,"{""value"": 11}",int
momentum,1250,"{""value"": 0.37}",float
max_depth,1186,"{""value"": 14}",int
min_samples_leaf,225,"{""value"": 8}",int
batch_size,1056,"{""value"": 32}",int
patience,1477,"{""value"": 16}",int
dropout,1021,"{""value"": 0.45}",float
num_epochs,962,"{""value"": 33}",int
min_samples_split,1058,"{""value"": 17}",int
activation,120,"{""value"": ""selu""}",enum
loss_function,601,"{""value"": ""cross_entropy""}",enum
weight_decay,458,"{""value"": 0.00801}",float
early_stopping_rounds,850,"{""value"": 38}",int
optimizer,141,"{""value"": ""sgd""}",enum
momentum,1284,"{""value"": 0.86}",float
dropout,1333,"{""value"": 0.38}",float
regularization_lambda,782,"{""value"": 0.96}",float
max_depth,1336,"{""value"": 9}",int
colsample_bytree,346,"{""value"": 0.80}",float
patience,378,"{""value"": 4}",int
hidden_size,613,"{""value"": 128}",int
random_seed,1004,"{""value"": 17174}",int
min_samples_leaf,1269,"{""value"": 1}",int
num_layers,774,"{""value"": 8}",int
num_epochs,57,"{""value"": 118}",int
batch_size,905,"{""value"": 128}",int
subsample,1080,"{""value"": 1.00}",float
learning_rate,584,"{""value"": 0.00441}",float
min_samples_split,626,"{""value"": 19}",int
num_layers,1365,"{""value"": 3}",int
num_epochs,274,"{""value"": 138}",int
momentum,641,"{""value"": 0.40}",float
subsample,603,"{""value"": 0.76}",float
loss_function,747,"{""value"": ""huber""}",enum
min_samples_leaf,1429,"{""value"": 4}",int
weight_decay,1121,"{""value"": 0.00456}",float
activation,403,"{""value"": ""relu""}",enum
regularization_lambda,336,"{""value"": 0.72}",float
optimizer,1127,"{""value"": ""adamw""}",enum
random_seed,789,"{""value"": 77107}",int
learning_rate,1497,"{""value"": 0.00198}",float
colsample_bytree,1317,"{""value"": 0.77}",float
patience,1230,"{""value"": 14}",int
max_depth,21,"{""value"": 16}",int
batch_size,462,"{""value"": 256}",int
early_stopping_rounds,242,"{""value"": 37}",int
hidden_size,678,"{""value"": 64}",int
dropout,804,"{""value"": 0.09}",float
activation,1330,"{""value"": ""gelu""}",enum
early_stopping_rounds,1118,"{""value"": 40}",int
regularization_lambda,22,"{""value"": 0.67}",float
hidden_size,692,"{""value"": 32}",int
learning_rate,478,"{""value"": 0.00522}",float
min_samples_split,297,"{""value"": 18}",int
weight_decay,1424,"{""value"": 0.00978}",float
num_epochs,361,"{""value"": 18}",int
momentum,227,"{""value"": 0.77}",float
loss_function,75,"{""value"": ""cross_entropy""}",enum
max_depth,1102,"{""value"": 7}",int
batch_size,587,"{""value"": 128}",int
patience,1287,"{""value"": 12}",int
optimizer,1137,"{""value"": ""sgd""}",enum
dropout,95,"{""value"": 0.07}",float
random_seed,735,"{""value"": 31074}",int
colsample_bytree,267,"{""value"": 0.84}",float
subsample,1046,"{""value"": 0.94}",float
min_samples_leaf,1212,"{""value"": 8}",int
num_layers,270,"{""value"": 2}",int
patience,899,"{""value"": 19}",int
random_seed,287,"{""value"": 61287}",int
weight_decay,1200,"{""value"": 0.00866}",float
hidden_size,1245,"{""value"": 64}",int
num_layers,201,"{""value"": 3}",int
subsample,757,"{""value"": 0.99}",float
min_samples_split,419,"{""value"": 8}",int
early_stopping_rounds,1119,"{""value"": 46}",int
max_depth,885,"{""value"": 22}",int
activation,286,"{""value"": ""selu""}",enum
loss_function,873,"{""value"": ""mae""}",enum
optimizer,1100,"{""value"": ""sgd""}",enum
batch_size,283,"{""value"": 256}",int
momentum,1139,"{""value"": 0.39}",float
regularization_lambda,1001,"{""value"": 0.87}",float
learning_rate,190,"{""value"": 0.00740}",float
min_samples_leaf,387,"{""value"": 5}",int
dropout,1304,"{""value"": 0.42}",float
num_epochs,1418,"{""value"": 82}",int
colsample_bytree,1201,"{""value"": 0.92}",float
learning_rate,563,"{""value"": 0.00223}",float
random_seed,980,"{""value"": 28134}",int
weight_decay,860,"{""value"": 0.00257}",float
num_layers,1024,"{""value"": 3}",int
colsample_bytree,1142,"{""value"": 0.58}",float
activation,715,"{""value"": ""selu""}",enum
early_stopping_rounds,1156,"{""value"": 46}",int
hidden_size,272,"{""value"": 128}",int
optimizer,1482,"{""value"": ""adamw""}",enum
regularization_lambda,970,"{""value"": 0.94}",float
min_samples_split,770,"{""value"": 3}",int
momentum,700,"{""value"": 0.85}",float
max_depth,971,"{""value"": 7}",int
min_samples_leaf,1411,"{""value"": 9}",int
batch_size,792,"{""value"": 32}",int
patience,742,"{""value"": 9}",int
dropout,43,"{""value"": 0.58}",float
num_epochs,1476,"{""value"": 74}",int
subsample,863,"{""value"": 0.82}",float
loss_function,1192,"{""value"": ""huber""}",enum
max_depth,535,"{""value"": 4}",int
optimizer,1290,"{""value"": ""adam""}",enum
batch_size,1097,"{""value"": 16}",int
early_stopping_rounds,416,"{""value"": 19}",int
loss_function,59,"{""value"": ""mse""}",enum
dropout,322,"{""value"": 0.03}",float
num_epochs,450,"{""value"": 89}",int
momentum,908,"{""value"": 0.45}",float
random_seed,1244,"{""value"": 24097}",int
colsample_bytree,1352,"{""value"": 0.74}",float
regularization_lambda,594,"{""value"": 0.18}",float
num_layers,755,"{""value"": 3}",int
patience,1475,"{""value"": 9}",int
min_samples_split,358,"{""value"": 9}",int
learning_rate,763,"{""value"": 0.00540}",float
weight_decay,26,"{""value"": 0.00888}",float
activation,1473,"{""value"": ""tanh""}",enum
subsample,302,"{""value"": 0.56}",float
hidden_size,566,"{""value"": 512}",int
min_samples_leaf,1213,"{""value"": 2}",int
activation,976,"{""value"": ""gelu""}",enum
patience,738,"{""value"": 4}",int
regularization_lambda,1025,"{""value"": 0.05}",float
hidden_size,637,"{""value"": 512}",int
min_samples_leaf,648,"{""value"": 9}",int
min_samples_split,1434,"{""value"": 5}",int
batch_size,651,"{""value"": 16}",int
early_stopping_rounds,205,"{""value"": 18}",int
random_seed,922,"{""value"": 35848}",int
num_epochs,474,"{""value"": 156}",int
subsample,423,"{""value"": 0.52}",float
optimizer,1023,"{""value"": ""rmsprop""}",enum
momentum,562,"{""value"": 0.09}",float
max_depth,1272,"{""value"": 16}",int
learning_rate,685,"{""value"": 0.00277}",float
num_layers,99,"{""value"": 1}",int
loss_function,856,"{""value"": ""huber""}",enum
dropout,820,"{""value"": 0.12}",float
weight_decay,901,"{""value"": 0.00069}",float
colsample_bytree,991,"{""value"": 0.92}",float
random_seed,872,"{""value"": 53671}",int
colsample_bytree,784,"{""value"": 0.67}",float
regularization_lambda,1232,"{""value"": 0.44}",float
num_layers,327,"{""value"": 10}",int
patience,410,"{""value"": 18}",int
min_samples_split,97,"{""value"": 14}",int
learning_rate,490,"{""value"": 0.00221}",float
weight_decay,1204,"{""value"": 0.00490}",float
activation,1146,"{""value"": ""tanh""}",enum
subsample,849,"{""value"": 0.62}",float
hidden_size,1242,"{""value"": 256}",int
min_samples_leaf,1103,"{""value"": 8}",int
max_depth,697,"{""value"": 21}",int
optimizer,1248,"{""value"": ""adam""}",enum
batch_size,1489,"{""value"": 256}",int
early_stopping_rounds,1346,"{""value"": 34}",int
loss_function,650,"{""value"": ""mae""}",enum
dropout,767,"{""value"": 0.28}",float
num_epochs,1448,"{""value"": 182}",int
momentum,44,"{""value"": 0.98}",float
hidden_size,1140,"{""value"": 16}",int
num_layers,252,"{""value"": 8}",int
momentum,427,"{""value"": 0.09}",float
learning_rate,155,"{""value"": 0.00388}",float
min_samples_split,589,"{""value"": 18}",int
batch_size,337,"{""value"": 32}",int
subsample,673,"{""value"": 0.52}",float
regularization_lambda,181,"{""value"": 0.63}",float
loss_function,491,"{""value"": ""mse""}",enum
max_depth,235,"{""value"": 20}",int
optimizer,1091,"{""value"": ""sgd""}",enum
weight_decay,1285,"{""value"": 0.00251}",float
colsample_bytree,630,"{""value"": 0.52}",float
patience,1240,"{""value"": 4}",int
min_samples_leaf,1341,"{""value"": 9}",int
num_epochs,646,"{""value"": 35}",int
early_stopping_rounds,355,"{""value"": 30}",int
dropout,133,"{""value"": 0.53}",float
activation,381,"{""value"": ""relu""}",enum
random_seed,55,"{""value"": 37576}",int
batch_size,809,"{""value"": 256}",int
subsample,52,"{""value"": 0.98}",float
dropout,1261,"{""value"": 0.17}",float
hidden_size,382,"{""value"": 16}",int
colsample_bytree,940,"{""value"": 0.87}",float
loss_function,440,"{""value"": ""mae""}",enum
num_layers,944,"{""value"": 7}",int
early_stopping_rounds,269,"{""value"": 32}",int
min_samples_leaf,762,"{""value"": 5}",int
num_epochs,829,"{""value"": 117}",int
regularization_lambda,1310,"{""value"": 0.17}",float
random_seed,710,"{""value"": 24917}",int
max_depth,1189,"{""value"": 17}",int
min_samples_split,669,"{""value"": 13}",int
weight_decay,1381,"{""value"": 0.00312}",float
activation,999,"{""value"": ""sigmoid""}",enum
momentum,195,"{""value"": 0.83}",float
patience,385,"{""value"": 5}",int
learning_rate,113,"{""value"": 0.00282}",float
optimizer,1413,"{""value"": ""rmsprop""}",enum
min_samples_split,687,"{""value"": 13}",int
learning_rate,405,"{""value"": 0.00312}",float
colsample_bytree,39,"{""value"": 0.80}",float
loss_function,596,"{""value"": ""mse""}",enum
num_epochs,85,"{""value"": 65}",int
patience,1072,"{""value"": 8}",int
optimizer,103,"{""value"": ""adam""}",enum
activation,1303,"{""value"": ""gelu""}",enum
regularization_lambda,1266,"{""value"": 0.07}",float
dropout,1143,"{""value"": 0.47}",float
num_layers,598,"{""value"": 4}",int
early_stopping_rounds,830,"{""value"": 12}",int
subsample,40,"{""value"": 0.80}",float
random_seed,986,"{""value"": 9322}",int
min_samples_leaf,406,"{""value"": 7}",int
max_depth,1106,"{""value"": 23}",int
weight_decay,1383,"{""value"": 0.00538}",float
batch_size,1069,"{""value"": 16}",int
momentum,20,"{""value"": 0.19}",float
hidden_size,1138,"{""value"": 32}",int
hidden_size,1305,"{""value"": 64}",int
max_depth,449,"{""value"": 8}",int
num_layers,33,"{""value"": 9}",int
batch_size,1205,"{""value"": 128}",int
activation,100,"{""value"": ""selu""}",enum
regularization_lambda,888,"{""value"": 0.95}",float
loss_function,499,"{""value"": ""huber""}",enum
learning_rate,372,"{""value"": 0.00401}",float
dropout,411,"{""value"": 0.47}",float
weight_decay,496,"{""value"": 0.00711}",float
subsample,483,"{""value"": 0.80}",float
min_samples_leaf,204,"{""value"": 2}",int
colsample_bytree,978,"{""value"": 0.93}",float
patience,435,"{""value"": 3}",int
min_samples_split,1249,"{""value"": 2}",int
early_stopping_rounds,219,"{""value"": 7}",int
optimizer,655,"{""value"": ""sgd""}",enum
random_seed,1358,"{""value"": 75605}",int
num_epochs,1153,"{""value"": 157}",int
momentum,400,"{""value"": 0.46}",float
min_samples_leaf,994,"{""value"": 6}",int
dropout,321,"{""value"": 0.17}",float
num_epochs,324,"{""value"": 46}",int
colsample_bytree,1459,"{""value"": 0.82}",float
patience,1184,"{""value"": 20}",int
random_seed,3,"{""value"": 20234}",int
weight_decay,1466,"{""value"": 0.00615}",float
hidden_size,81,"{""value"": 16}",int
num_layers,957,"{""value"": 9}",int
subsample,161,"{""value"": 0.70}",float
min_samples_split,1339,"{""value"": 12}",int
early_stopping_rounds,606,"{""value"": 6}",int
max_depth,1368,"{""value"": 9}",int
activation,861,"{""value"": ""relu""}",enum
loss_function,177,"{""value"": ""mse""}",enum
optimizer,83,"{""value"": ""adam""}",enum
batch_size,1322,"{""value"": 128}",int
momentum,80,"{""value"": 0.57}",float
regularization_lambda,74,"{""value"": 0.48}",float
learning_rate,464,"{""value"": 0.00132}",float
max_depth,386,"{""value"": 17}",int
loss_function,463,"{""value"": ""mae""}",enum
num_layers,1294,"{""value"": 8}",int
patience,1081,"{""value"": 18}",int
weight_decay,63,"{""value"": 0.00011}",float
early_stopping_rounds,1171,"{""value"": 41}",int
dropout,880,"{""value"": 0.59}",float
batch_size,222,"{""value"": 16}",int
subsample,253,"{""value"": 1.00}",float
random_seed,542,"{""value"": 23351}",int
min_samples_split,682,"{""value"": 18}",int
colsample_bytree,290,"{""value"": 0.74}",float
activation,995,"{""value"": ""sigmoid""}",enum
momentum,482,"{""value"": 0.25}",float
hidden_size,1332,"{""value"": 128}",int
learning_rate,223,"{""value"": 0.00434}",float
min_samples_leaf,1440,"{""value"": 4}",int
optimizer,665,"{""value"": ""sgd""}",enum
num_epochs,402,"{""value"": 24}",int
regularization_lambda,79,"{""value"": 0.79}",float
learning_rate,1247,"{""value"": 0.00226}",float
colsample_bytree,765,"{""value"": 0.67}",float
patience,49,"{""value"": 7}",int
max_depth,539,"{""value"": 24}",int
batch_size,836,"{""value"": 128}",int
early_stopping_rounds,1073,"{""value"": 50}",int
hidden_size,173,"{""value"": 512}",int
dropout,1133,"{""value"": 0.14}",float
min_samples_split,882,"{""value"": 6}",int
num_layers,858,"{""value"": 1}",int
num_epochs,549,"{""value"": 180}",int
momentum,434,"{""value"": 0.65}",float
subsample,455,"{""value"": 0.55}",float
loss_function,781,"{""value"": ""huber""}",enum
min_samples_leaf,94,"{""value"": 6}",int
weight_decay,1391,"{""value"": 0.00040}",float
activation,407,"{""value"": ""selu""}",enum
regularization_lambda,1224,"{""value"": 0.21}",float
optimizer,531,"{""value"": ""sgd""}",enum
random_seed,1037,"{""value"": 10625}",int
num_epochs,619,"{""value"": 115}",int
momentum,261,"{""value"": 0.99}",float
subsample,1298,"{""value"": 0.86}",float
loss_function,1117,"{""value"": ""huber""}",enum
min_samples_leaf,151,"{""value"": 8}",int
weight_decay,1145,"{""value"": 0.00580}",float
activation,775,"{""value"": ""relu""}",enum
regularization_lambda,1258,"{""value"": 0.01}",float
optimizer,554,"{""value"": ""adamw""}",enum
random_seed,1132,"{""value"": 70522}",int
learning_rate,609,"{""value"": 0.00709}",float
colsample_bytree,733,"{""value"": 0.52}",float
patience,1378,"{""value"": 18}",int
max_depth,171,"{""value"": 4}",int
batch_size,706,"{""value"": 16}",int
early_stopping_rounds,552,"{""value"": 36}",int
hidden_size,159,"{""value"": 256}",int
dropout,293,"{""value"": 0.05}",float
min_samples_split,1328,"{""value"": 7}",int
num_layers,960,"{""value"": 3}",int
loss_function,933,"{""value"": ""mse""}",enum
random_seed,577,"{""value"": 89602}",int
optimizer,756,"{""value"": ""rmsprop""}",enum
colsample_bytree,662,"{""value"": 0.55}",float
momentum,1252,"{""value"": 0.50}",float
learning_rate,1435,"{""value"": 0.00543}",float
num_layers,801,"{""value"": 2}",int
early_stopping_rounds,855,"{""value"": 32}",int
max_depth,1095,"{""value"": 17}",int
dropout,470,"{""value"": 0.51}",float
activation,1268,"{""value"": ""sigmoid""}",enum
hidden_size,220,"{""value"": 512}",int
weight_decay,759,"{""value"": 0.00732}",float
regularization_lambda,1283,"{""value"": 0.73}",float
min_samples_leaf,996,"{""value"": 5}",int
min_samples_split,1075,"{""value"": 7}",int
num_epochs,303,"{""value"": 117}",int
batch_size,398,"{""value"": 64}",int
subsample,985,"{""value"": 0.71}",float
patience,722,"{""value"": 9}",int
patience,1483,"{""value"": 19}",int
optimizer,1110,"{""value"": ""rmsprop""}",enum
activation,565,"{""value"": ""gelu""}",enum
regularization_lambda,658,"{""value"": 0.42}",float
dropout,800,"{""value"": 0.31}",float
num_layers,428,"{""value"": 7}",int
early_stopping_rounds,1441,"{""value"": 33}",int
subsample,684,"{""value"": 0.53}",float
random_seed,356,"{""value"": 18793}",int
min_samples_leaf,162,"{""value"": 10}",int
max_depth,221,"{""value"": 7}",int
weight_decay,1030,"{""value"": 0.00301}",float
batch_size,639,"{""value"": 64}",int
momentum,217,"{""value"": 0.62}",float
hidden_size,116,"{""value"": 64}",int
min_samples_split,210,"{""value"": 16}",int
learning_rate,1408,"{""value"": 0.00300}",float
colsample_bytree,1019,"{""value"": 0.90}",float
loss_function,1241,"{""value"": ""mse""}",enum
num_epochs,1013,"{""value"": 75}",int
learning_rate,912,"{""value"": 0.00874}",float
num_layers,1218,"{""value"": 6}",int
loss_function,1104,"{""value"": ""mae""}",enum
dropout,1281,"{""value"": 0.53}",float
weight_decay,251,"{""value"": 0.00014}",float
colsample_bytree,786,"{""value"": 0.89}",float
activation,1416,"{""value"": ""gelu""}",enum
patience,1207,"{""value"": 9}",int
regularization_lambda,301,"{""value"": 0.97}",float
hidden_size,564,"{""value"": 64}",int
min_samples_leaf,1423,"{""value"": 5}",int
min_samples_split,593,"{""value"": 13}",int
batch_size,927,"{""value"": 64}",int
early_stopping_rounds,1177,"{""value"": 5}",int
random_seed,273,"{""value"": 4967}",int
num_epochs,472,"{""value"": 146}",int
subsample,498,"{""value"": 0.88}",float
optimizer,631,"{""value"": ""sgd""}",enum
momentum,611,"{""value"": 0.35}",float
max_depth,1323,"{""value"": 15}",int
early_stopping_rounds,1375,"{""value"": 17}",int
patience,264,"{""value"": 16}",int
regularization_lambda,1319,"{""value"": 0.55}",float
dropout,1190,"{""value"": 0.04}",float
max_depth,1296,"{""value"": 6}",int
min_samples_split,712,"{""value"": 13}",int
num_epochs,834,"{""value"": 54}",int
activation,1254,"{""value"": ""selu""}",enum
subsample,1,"{""value"": 0.50}",float
random_seed,430,"{""value"": 40450}",int
num_layers,536,"{""value"": 3}",int
momentum,717,"{""value"": 0.65}",float
min_samples_leaf,1361,"{""value"": 2}",int
learning_rate,544,"{""value"": 0.00461}",float
batch_size,866,"{""value"": 64}",int
loss_function,14,"{""value"": ""mae""}",enum
weight_decay,224,"{""value"": 0.00972}",float
hidden_size,569,"{""value"": 32}",int
optimizer,1159,"{""value"": ""adamw""}",enum
colsample_bytree,1191,"{""value"": 0.78}",float
optimizer,172,"{""value"": ""sgd""}",enum
batch_size,82,"{""value"": 32}",int
momentum,805,"{""value"": 0.35}",float
regularization_lambda,1163,"{""value"": 0.30}",float
learning_rate,354,"{""value"": 0.00262}",float
min_samples_leaf,579,"{""value"": 6}",int
dropout,605,"{""value"": 0.35}",float
num_epochs,265,"{""value"": 119}",int
colsample_bytree,19,"{""value"": 0.95}",float
patience,198,"{""value"": 10}",int
random_seed,1260,"{""value"": 68861}",int
weight_decay,1326,"{""value"": 0.00169}",float
hidden_size,27,"{""value"": 256}",int
num_layers,1335,"{""value"": 9}",int
subsample,349,"{""value"": 0.83}",float
min_samples_split,389,"{""value"": 8}",int
early_stopping_rounds,1338,"{""value"": 41}",int
max_depth,442,"{""value"": 22}",int
activation,1395,"{""value"": ""gelu""}",enum
loss_function,561,"{""value"": ""mse""}",enum
learning_rate,479,"{""value"": 0.00593}",float
optimizer,1398,"{""value"": ""adam""}",enum
num_epochs,266,"{""value"": 152}",int
loss_function,1144,"{""value"": ""huber""}",enum
hidden_size,121,"{""value"": 128}",int
random_seed,1485,"{""value"": 75642}",int
max_depth,285,"{""value"": 9}",int
num_layers,1086,"{""value"": 1}",int
activation,13,"{""value"": ""gelu""}",enum
patience,47,"{""value"": 9}",int
dropout,142,"{""value"": 0.13}",float
batch_size,211,"{""value"": 256}",int
regularization_lambda,232,"{""value"": 0.04}",float
weight_decay,64,"{""value"": 0.00485}",float
subsample,1465,"{""value"": 0.97}",float
min_samples_split,1470,"{""value"": 7}",int
momentum,555,"{""value"": 0.67}",float
min_samples_leaf,328,"{""value"": 7}",int
colsample_bytree,1174,"{""value"": 0.95}",float
early_stopping_rounds,1334,"{""value"": 22}",int
loss_function,571,"{""value"": ""cross_entropy""}",enum
max_depth,751,"{""value"": 5}",int
optimizer,23,"{""value"": ""sgd""}",enum
weight_decay,952,"{""value"": 0.00669}",float
colsample_bytree,294,"{""value"": 0.81}",float
patience,1492,"{""value"": 13}",int
min_samples_leaf,904,"{""value"": 7}",int
num_epochs,1438,"{""value"": 145}",int
early_stopping_rounds,401,"{""value"": 50}",int
dropout,54,"{""value"": 0.08}",float
activation,1042,"{""value"": ""selu""}",enum
random_seed,137,"{""value"": 7341}",int
hidden_size,247,"{""value"": 128}",int
num_layers,931,"{""value"": 10}",int
momentum,191,"{""value"": 0.72}",float
learning_rate,1384,"{""value"": 0.00974}",float
min_samples_split,1172,"{""value"": 18}",int
batch_size,447,"{""value"": 32}",int
subsample,1422,"{""value"": 0.50}",float
regularization_lambda,1061,"{""value"": 0.83}",float
batch_size,1222,"{""value"": 32}",int
activation,907,"{""value"": ""tanh""}",enum
regularization_lambda,147,"{""value"": 0.49}",float
loss_function,244,"{""value"": ""mse""}",enum
learning_rate,50,"{""value"": 0.00348}",float
dropout,917,"{""value"": 0.00}",float
weight_decay,207,"{""value"": 0.00042}",float
subsample,254,"{""value"": 0.74}",float
min_samples_leaf,892,"{""value"": 2}",int
colsample_bytree,1216,"{""value"": 0.80}",float
patience,460,"{""value"": 17}",int
min_samples_split,182,"{""value"": 15}",int
early_stopping_rounds,787,"{""value"": 44}",int
optimizer,343,"{""value"": ""rmsprop""}",enum
random_seed,1486,"{""value"": 18069}",int
num_epochs,1402,"{""value"": 11}",int
momentum,11,"{""value"": 0.69}",float
hidden_size,1026,"{""value"": 64}",int
max_depth,1443,"{""value"": 21}",int
num_layers,5,"{""value"": 2}",int
loss_function,635,"{""value"": ""cross_entropy""}",enum
num_epochs,1236,"{""value"": 189}",int
regularization_lambda,214,"{""value"": 0.78}",float
weight_decay,202,"{""value"": 0.00426}",float
momentum,29,"{""value"": 0.05}",float
random_seed,746,"{""value"": 81665}",int
num_layers,694,"{""value"": 2}",int
patience,525,"{""value"": 12}",int
learning_rate,1264,"{""value"": 0.00565}",float
dropout,1134,"{""value"": 0.56}",float
optimizer,1327,"{""value"": ""adamw""}",enum
min_samples_split,1006,"{""value"": 2}",int
activation,1401,"{""value"": ""gelu""}",enum
subsample,1471,"{""value"": 0.66}",float
hidden_size,288,"{""value"": 64}",int
max_depth,1195,"{""value"": 12}",int
colsample_bytree,1087,"{""value"": 0.63}",float
early_stopping_rounds,504,"{""value"": 49}",int
min_samples_leaf,526,"{""value"": 10}",int
batch_size,397,"{""value"": 16}",int
min_samples_leaf,409,"{""value"": 6}",int
batch_size,592,"{""value"": 256}",int
patience,659,"{""value"": 18}",int
dropout,408,"{""value"": 0.56}",float
num_epochs,2,"{""value"": 181}",int
subsample,1105,"{""value"": 0.86}",float
loss_function,911,"{""value"": ""huber""}",enum
learning_rate,693,"{""value"": 0.00738}",float
random_seed,979,"{""value"": 8114}",int
weight_decay,745,"{""value"": 0.00156}",float
num_layers,503,"{""value"": 5}",int
colsample_bytree,1179,"{""value"": 0.95}",float
activation,832,"{""value"": ""sigmoid""}",enum
early_stopping_rounds,1033,"{""value"": 26}",int
hidden_size,53,"{""value"": 16}",int
optimizer,1101,"{""value"": ""sgd""}",enum
regularization_lambda,1082,"{""value"": 0.38}",float
min_samples_split,1412,"{""value"": 3}",int
momentum,1449,"{""value"": 0.92}",float
max_depth,568,"{""value"": 22}",int
subsample,279,"{""value"": 0.97}",float
regularization_lambda,196,"{""value"": 0.13}",float
loss_function,145,"{""value"": ""huber""}",enum
max_depth,739,"{""value"": 12}",int
optimizer,289,"{""value"": ""adamw""}",enum
weight_decay,60,"{""value"": 0.00033}",float
colsample_bytree,1009,"{""value"": 0.63}",float
patience,1256,"{""value"": 12}",int
min_samples_leaf,992,"{""value"": 9}",int
num_epochs,127,"{""value"": 164}",int
early_stopping_rounds,1066,"{""value"": 41}",int
dropout,1366,"{""value"": 0.08}",float
activation,231,"{""value"": ""gelu""}",enum
random_seed,1385,"{""value"": 78329}",int
hidden_size,883,"{""value"": 128}",int
num_layers,1007,"{""value"": 5}",int
momentum,513,"{""value"": 0.06}",float
learning_rate,580,"{""value"": 0.00602}",float
min_samples_split,308,"{""value"": 20}",int
batch_size,226,"{""value"": 32}",int
colsample_bytree,725,"{""value"": 0.76}",float
momentum,608,"{""value"": 0.91}",float
loss_function,167,"{""value"": ""huber""}",enum
min_samples_leaf,153,"{""value"": 8}",int
optimizer,1265,"{""value"": ""rmsprop""}",enum
weight_decay,341,"{""value"": 0.00156}",float
num_layers,677,"{""value"": 1}",int
early_stopping_rounds,1499,"{""value"": 21}",int
regularization_lambda,156,"{""value"": 0.12}",float
random_seed,93,"{""value"": 89184}",int
min_samples_split,1125,"{""value"": 8}",int
patience,366,"{""value"": 9}",int
max_depth,364,"{""value"": 23}",int
activation,813,"{""value"": ""relu""}",enum
learning_rate,432,"{""value"": 0.00106}",float
batch_size,457,"{""value"": 16}",int
hidden_size,689,"{""value"": 64}",int
num_epochs,1180,"{""value"": 63}",int
subsample,966,"{""value"": 0.65}",float
dropout,993,"{""value"": 0.10}",float
min_samples_split,1436,"{""value"": 12}",int
learning_rate,1426,"{""value"": 0.00583}",float
weight_decay,377,"{""value"": 0.00770}",float
activation,1371,"{""value"": ""tanh""}",enum
subsample,1297,"{""value"": 0.65}",float
hidden_size,1409,"{""value"": 512}",int
min_samples_leaf,28,"{""value"": 7}",int
max_depth,1206,"{""value"": 16}",int
optimizer,203,"{""value"": ""adamw""}",enum
batch_size,1000,"{""value"": 256}",int
early_stopping_rounds,547,"{""value"": 26}",int
loss_function,363,"{""value"": ""mse""}",enum
dropout,169,"{""value"": 0.14}",float
num_epochs,73,"{""value"": 114}",int
momentum,208,"{""value"": 0.18}",float
random_seed,136,"{""value"": 74277}",int
colsample_bytree,936,"{""value"": 0.72}",float
regularization_lambda,894,"{""value"": 0.21}",float
num_layers,1299,"{""value"": 4}",int
patience,857,"{""value"": 16}",int
weight_decay,1286,"{""value"": 0.00711}",float
activation,237,"{""value"": ""sigmoid""}",enum
regularization_lambda,248,"{""value"": 0.75}",float
optimizer,643,"{""value"": ""rmsprop""}",enum
random_seed,1301,"{""value"": 96101}",int
learning_rate,278,"{""value"": 0.00199}",float
colsample_bytree,390,"{""value"": 0.60}",float
patience,1494,"{""value"": 17}",int
max_depth,1399,"{""value"": 12}",int
batch_size,215,"{""value"": 16}",int
early_stopping_rounds,1041,"{""value"": 25}",int
hidden_size,1047,"{""value"": 128}",int
dropout,946,"{""value"": 0.11}",float
min_samples_split,657,"{""value"": 13}",int
num_layers,106,"{""value"": 7}",int
num_epochs,1372,"{""value"": 6}",int
momentum,919,"{""value"": 0.85}",float
subsample,602,"{""value"": 0.92}",float
loss_function,123,"{""value"": ""cross_entropy""}",enum
min_samples_leaf,1417,"{""value"": 8}",int
regularization_lambda,705,"{""value"": 0.51}",float
max_depth,706,"{""value"": 16}",int
loss_function,1256,"{""value"": ""mae""}",enum
num_layers,682,"{""value"": 5}",int
patience,608,"{""value"": 7}",int
weight_decay,96,"{""value"": 0.00601}",float
early_stopping_rounds,742,"{""value"": 31}",int
dropout,1144,"{""value"": 0.24}",float
batch_size,78,"{""value"": 128}",int
subsample,1252,"{""value"": 0.58}",float
min_samples_split,1203,"{""value"": 12}",int
colsample_bytree,1057,"{""value"": 0.73}",float
activation,5,"{""value"": ""sigmoid""}",enum
momentum,745,"{""value"": 0.11}",float
hidden_size,1466,"{""value"": 64}",int
learning_rate,982,"{""value"": 0.00713}",float
min_samples_leaf,1153,"{""value"": 3}",int
optimizer,672,"{""value"": ""adamw""}",enum
num_epochs,1070,"{""value"": 30}",int
num_epochs,416,"{""value"": 13}",int
colsample_bytree,1472,"{""value"": 0.90}",float
patience,727,"{""value"": 5}",int
random_seed,650,"{""value"": 58968}",int
weight_decay,351,"{""value"": 0.00946}",float
hidden_size,395,"{""value"": 128}",int
num_layers,142,"{""value"": 5}",int
subsample,643,"{""value"": 0.94}",float
min_samples_split,473,"{""value"": 4}",int
early_stopping_rounds,482,"{""value"": 32}",int
max_depth,17,"{""value"": 13}",int
activation,218,"{""value"": ""relu""}",enum
optimizer,1177,"{""value"": ""adamw""}",enum
batch_size,1062,"{""value"": 32}",int
momentum,519,"{""value"": 0.02}",float
regularization_lambda,900,"{""value"": 0.53}",float
learning_rate,1352,"{""value"": 0.00206}",float
min_samples_leaf,515,"{""value"": 4}",int
early_stopping_rounds,1065,"{""value"": 21}",int
dropout,1225,"{""value"": 0.51}",float
activation,433,"{""value"": ""selu""}",enum
random_seed,340,"{""value"": 72214}",int
hidden_size,93,"{""value"": 512}",int
num_layers,829,"{""value"": 4}",int
momentum,467,"{""value"": 0.97}",float
learning_rate,126,"{""value"": 0.00699}",float
min_samples_split,104,"{""value"": 19}",int
batch_size,1482,"{""value"": 16}",int
subsample,441,"{""value"": 1.00}",float
regularization_lambda,119,"{""value"": 0.16}",float
max_depth,224,"{""value"": 7}",int
optimizer,1230,"{""value"": ""adamw""}",enum
colsample_bytree,752,"{""value"": 0.65}",float
patience,1096,"{""value"": 9}",int
min_samples_leaf,719,"{""value"": 3}",int
num_epochs,251,"{""value"": 176}",int
momentum,193,"{""value"": 0.45}",float
regularization_lambda,538,"{""value"": 0.56}",float
learning_rate,285,"{""value"": 0.00746}",float
min_samples_leaf,795,"{""value"": 2}",int
dropout,1004,"{""value"": 0.16}",float
num_epochs,615,"{""value"": 47}",int
colsample_bytree,1074,"{""value"": 0.76}",float
random_seed,1212,"{""value"": 87919}",int
weight_decay,737,"{""value"": 0.00356}",float
num_layers,1097,"{""value"": 1}",int
subsample,1283,"{""value"": 0.61}",float
min_samples_split,264,"{""value"": 10}",int
early_stopping_rounds,288,"{""value"": 18}",int
max_depth,48,"{""value"": 22}",int
activation,736,"{""value"": ""tanh""}",enum
loss_function,851,"{""value"": ""huber""}",enum
optimizer,625,"{""value"": ""adam""}",enum
batch_size,1105,"{""value"": 16}",int
learning_rate,939,"{""value"": 0.00121}",float
num_layers,10,"{""value"": 5}",int
early_stopping_rounds,649,"{""value"": 14}",int
max_depth,1426,"{""value"": 12}",int
dropout,213,"{""value"": 0.00}",float
activation,748,"{""value"": ""tanh""}",enum
hidden_size,1174,"{""value"": 512}",int
weight_decay,564,"{""value"": 0.00713}",float
regularization_lambda,495,"{""value"": 0.61}",float
min_samples_leaf,791,"{""value"": 1}",int
min_samples_split,1165,"{""value"": 7}",int
num_epochs,373,"{""value"": 123}",int
batch_size,609,"{""value"": 256}",int
subsample,84,"{""value"": 0.96}",float
patience,968,"{""value"": 6}",int
loss_function,226,"{""value"": ""mae""}",enum
random_seed,1254,"{""value"": 76607}",int
colsample_bytree,1491,"{""value"": 0.81}",float
momentum,556,"{""value"": 0.24}",float
dropout,563,"{""value"": 0.25}",float
batch_size,1253,"{""value"": 256}",int
subsample,582,"{""value"": 0.78}",float
random_seed,966,"{""value"": 23294}",int
min_samples_split,438,"{""value"": 20}",int
colsample_bytree,491,"{""value"": 0.92}",float
activation,1328,"{""value"": ""selu""}",enum
momentum,1414,"{""value"": 0.45}",float
hidden_size,617,"{""value"": 16}",int
learning_rate,280,"{""value"": 0.00352}",float
min_samples_leaf,880,"{""value"": 6}",int
optimizer,697,"{""value"": ""adamw""}",enum
regularization_lambda,362,"{""value"": 0.41}",float
max_depth,865,"{""value"": 15}",int
loss_function,979,"{""value"": ""huber""}",enum
num_layers,1058,"{""value"": 2}",int
patience,934,"{""value"": 3}",int
weight_decay,1150,"{""value"": 0.00298}",float
early_stopping_rounds,480,"{""value"": 32}",int
optimizer,640,"{""value"": ""adam""}",enum
activation,191,"{""value"": ""gelu""}",enum
hidden_size,822,"{""value"": 16}",int
num_epochs,315,"{""value"": 18}",int
regularization_lambda,227,"{""value"": 0.71}",float
num_layers,1077,"{""value"": 5}",int
subsample,586,"{""value"": 0.61}",float
max_depth,150,"{""value"": 21}",int
patience,1064,"{""value"": 20}",int
min_samples_leaf,953,"{""value"": 7}",int
weight_decay,1475,"{""value"": 0.00478}",float
batch_size,874,"{""value"": 16}",int
momentum,1398,"{""value"": 0.70}",float
early_stopping_rounds,86,"{""value"": 35}",int
learning_rate,759,"{""value"": 0.00482}",float
random_seed,659,"{""value"": 44424}",int
dropout,626,"{""value"": 0.15}",float
min_samples_split,354,"{""value"": 19}",int
colsample_bytree,1172,"{""value"": 0.81}",float
early_stopping_rounds,913,"{""value"": 36}",int
regularization_lambda,713,"{""value"": 0.68}",float
random_seed,800,"{""value"": 65667}",int
min_samples_split,177,"{""value"": 9}",int
patience,7,"{""value"": 18}",int
max_depth,219,"{""value"": 3}",int
activation,557,"{""value"": ""tanh""}",enum
learning_rate,1226,"{""value"": 0.00847}",float
batch_size,61,"{""value"": 256}",int
hidden_size,463,"{""value"": 32}",int
num_epochs,1262,"{""value"": 199}",int
subsample,1301,"{""value"": 0.57}",float
dropout,306,"{""value"": 0.24}",float
colsample_bytree,562,"{""value"": 0.94}",float
momentum,901,"{""value"": 0.37}",float
loss_function,867,"{""value"": ""cross_entropy""}",enum
optimizer,724,"{""value"": ""sgd""}",enum
weight_decay,776,"{""value"": 0.00737}",float
regularization_lambda,841,"{""value"": 0.78}",float
learning_rate,1209,"{""value"": 0.00518}",float
max_depth,20,"{""value"": 12}",int
num_epochs,868,"{""value"": 14}",int
hidden_size,784,"{""value"": 512}",int
weight_decay,983,"{""value"": 0.00116}",float
momentum,1222,"{""value"": 0.14}",float
dropout,755,"{""value"": 0.35}",float
min_samples_leaf,1376,"{""value"": 5}",int
loss_function,382,"{""value"": ""mae""}",enum
min_samples_split,484,"{""value"": 10}",int
activation,1386,"{""value"": ""tanh""}",enum
patience,282,"{""value"": 17}",int
random_seed,1102,"{""value"": 25210}",int
optimizer,805,"{""value"": ""sgd""}",enum
num_layers,267,"{""value"": 10}",int
colsample_bytree,970,"{""value"": 0.95}",float
batch_size,503,"{""value"": 64}",int
early_stopping_rounds,115,"{""value"": 33}",int
subsample,1059,"{""value"": 0.86}",float
subsample,917,"{""value"": 0.51}",float
regularization_lambda,37,"{""value"": 0.68}",float
loss_function,717,"{""value"": ""mse""}",enum
max_depth,540,"{""value"": 13}",int
optimizer,836,"{""value"": ""sgd""}",enum
weight_decay,1236,"{""value"": 0.00819}",float
colsample_bytree,454,"{""value"": 0.86}",float
patience,1423,"{""value"": 8}",int
min_samples_leaf,1319,"{""value"": 8}",int
num_epochs,1308,"{""value"": 84}",int
early_stopping_rounds,216,"{""value"": 5}",int
dropout,102,"{""value"": 0.01}",float
activation,296,"{""value"": ""gelu""}",enum
random_seed,1316,"{""value"": 2008}",int
hidden_size,176,"{""value"": 128}",int
num_layers,223,"{""value"": 7}",int
momentum,677,"{""value"": 0.72}",float
learning_rate,32,"{""value"": 0.00519}",float
min_samples_split,439,"{""value"": 9}",int
batch_size,1013,"{""value"": 32}",int
subsample,105,"{""value"": 0.53}",float
learning_rate,1372,"{""value"": 0.00583}",float
min_samples_split,1425,"{""value"": 7}",int
activation,1263,"{""value"": ""relu""}",enum
loss_function,1055,"{""value"": ""mse""}",enum
weight_decay,1239,"{""value"": 0.00588}",float
early_stopping_rounds,403,"{""value"": 50}",int
optimizer,989,"{""value"": ""rmsprop""}",enum
momentum,1130,"{""value"": 0.33}",float
dropout,214,"{""value"": 0.40}",float
regularization_lambda,1235,"{""value"": 0.68}",float
max_depth,778,"{""value"": 6}",int
colsample_bytree,367,"{""value"": 0.68}",float
patience,723,"{""value"": 10}",int
hidden_size,605,"{""value"": 16}",int
random_seed,51,"{""value"": 33530}",int
min_samples_leaf,1186,"{""value"": 9}",int
num_layers,600,"{""value"": 6}",int
num_epochs,1010,"{""value"": 177}",int
batch_size,159,"{""value"": 16}",int
momentum,1194,"{""value"": 0.61}",float
learning_rate,502,"{""value"": 0.00162}",float
random_seed,1117,"{""value"": 47412}",int
dropout,536,"{""value"": 0.47}",float
min_samples_split,42,"{""value"": 3}",int
colsample_bytree,481,"{""value"": 0.80}",float
loss_function,1067,"{""value"": ""huber""}",enum
optimizer,807,"{""value"": ""adam""}",enum
activation,1029,"{""value"": ""tanh""}",enum
hidden_size,912,"{""value"": 64}",int
num_epochs,547,"{""value"": 158}",int
regularization_lambda,1109,"{""value"": 0.75}",float
num_layers,1244,"{""value"": 8}",int
subsample,1141,"{""value"": 0.85}",float
max_depth,298,"{""value"": 5}",int
patience,1099,"{""value"": 20}",int
min_samples_leaf,1063,"{""value"": 10}",int
weight_decay,460,"{""value"": 0.00615}",float
batch_size,834,"{""value"": 128}",int
momentum,212,"{""value"": 0.28}",float
learning_rate,103,"{""value"": 0.00808}",float
min_samples_split,1474,"{""value"": 13}",int
batch_size,910,"{""value"": 32}",int
subsample,1030,"{""value"": 0.87}",float
regularization_lambda,1265,"{""value"": 0.66}",float
loss_function,1459,"{""value"": ""mse""}",enum
max_depth,1486,"{""value"": 15}",int
optimizer,406,"{""value"": ""sgd""}",enum
weight_decay,483,"{""value"": 0.00200}",float
colsample_bytree,1156,"{""value"": 0.54}",float
patience,1402,"{""value"": 12}",int
min_samples_leaf,353,"{""value"": 6}",int
num_epochs,1183,"{""value"": 149}",int
early_stopping_rounds,1488,"{""value"": 28}",int
dropout,797,"{""value"": 0.59}",float
activation,590,"{""value"": ""relu""}",enum
random_seed,461,"{""value"": 49670}",int
hidden_size,833,"{""value"": 16}",int
num_layers,1395,"{""value"": 2}",int
loss_function,627,"{""value"": ""mae""}",enum
min_samples_leaf,431,"{""value"": 4}",int
optimizer,229,"{""value"": ""rmsprop""}",enum
weight_decay,1371,"{""value"": 0.00642}",float
num_layers,1233,"{""value"": 7}",int
early_stopping_rounds,307,"{""value"": 16}",int
regularization_lambda,1219,"{""value"": 0.67}",float
random_seed,618,"{""value"": 56228}",int
min_samples_split,1344,"{""value"": 10}",int
patience,883,"{""value"": 3}",int
max_depth,1326,"{""value"": 23}",int
activation,1448,"{""value"": ""relu""}",enum
learning_rate,1014,"{""value"": 0.00892}",float
batch_size,980,"{""value"": 128}",int
num_epochs,1006,"{""value"": 65}",int
subsample,613,"{""value"": 0.58}",float
dropout,1411,"{""value"": 0.50}",float
colsample_bytree,1126,"{""value"": 0.78}",float
momentum,185,"{""value"": 0.80}",float
momentum,1397,"{""value"": 0.18}",float
subsample,978,"{""value"": 0.87}",float
loss_function,523,"{""value"": ""mse""}",enum
min_samples_leaf,501,"{""value"": 4}",int
weight_decay,149,"{""value"": 0.00292}",float
activation,1366,"{""value"": ""selu""}",enum
regularization_lambda,173,"{""value"": 0.07}",float
optimizer,632,"{""value"": ""rmsprop""}",enum
random_seed,1390,"{""value"": 3651}",int
colsample_bytree,1189,"{""value"": 0.82}",float
patience,1405,"{""value"": 4}",int
max_depth,1108,"{""value"": 16}",int
batch_size,1347,"{""value"": 128}",int
early_stopping_rounds,790,"{""value"": 49}",int
hidden_size,1093,"{""value"": 64}",int
dropout,1005,"{""value"": 0.56}",float
min_samples_split,65,"{""value"": 7}",int
num_layers,885,"{""value"": 3}",int
num_epochs,422,"{""value"": 166}",int
batch_size,341,"{""value"": 16}",int
momentum,174,"{""value"": 0.86}",float
regularization_lambda,769,"{""value"": 0.71}",float
learning_rate,130,"{""value"": 0.00957}",float
min_samples_leaf,1424,"{""value"": 6}",int
dropout,843,"{""value"": 0.42}",float
num_epochs,434,"{""value"": 47}",int
colsample_bytree,971,"{""value"": 0.87}",float
patience,844,"{""value"": 16}",int
random_seed,299,"{""value"": 42452}",int
weight_decay,39,"{""value"": 0.00933}",float
hidden_size,1250,"{""value"": 64}",int
num_layers,321,"{""value"": 3}",int
subsample,1330,"{""value"": 0.66}",float
early_stopping_rounds,683,"{""value"": 32}",int
max_depth,164,"{""value"": 23}",int
activation,580,"{""value"": ""tanh""}",enum
loss_function,205,"{""value"": ""cross_entropy""}",enum
optimizer,397,"{""value"": ""sgd""}",enum
colsample_bytree,782,"{""value"": 0.75}",float
patience,637,"{""value"": 9}",int
min_samples_split,73,"{""value"": 20}",int
early_stopping_rounds,1419,"{""value"": 25}",int
optimizer,1173,"{""value"": ""adam""}",enum
random_seed,967,"{""value"": 76142}",int
num_epochs,6,"{""value"": 50}",int
momentum,143,"{""value"": 0.66}",float
hidden_size,435,"{""value"": 256}",int
max_depth,577,"{""value"": 18}",int
num_layers,850,"{""value"": 3}",int
batch_size,1095,"{""value"": 256}",int
activation,725,"{""value"": ""gelu""}",enum
regularization_lambda,192,"{""value"": 0.28}",float
loss_function,221,"{""value"": ""mse""}",enum
learning_rate,53,"{""value"": 0.00454}",float
dropout,1494,"{""value"": 0.07}",float
weight_decay,225,"{""value"": 0.00198}",float
subsample,272,"{""value"": 0.75}",float
min_samples_leaf,639,"{""value"": 3}",int
loss_function,965,"{""value"": ""huber""}",enum
hidden_size,99,"{""value"": 64}",int
random_seed,44,"{""value"": 99329}",int
max_depth,815,"{""value"": 12}",int
num_layers,1151,"{""value"": 3}",int
activation,665,"{""value"": ""sigmoid""}",enum
patience,13,"{""value"": 6}",int
dropout,1359,"{""value"": 0.59}",float
batch_size,570,"{""value"": 256}",int
regularization_lambda,929,"{""value"": 0.69}",float
weight_decay,1054,"{""value"": 0.00428}",float
subsample,162,"{""value"": 0.90}",float
min_samples_split,870,"{""value"": 10}",int
momentum,972,"{""value"": 0.60}",float
min_samples_leaf,1318,"{""value"": 4}",int
colsample_bytree,1157,"{""value"": 0.58}",float
early_stopping_rounds,453,"{""value"": 43}",int
learning_rate,542,"{""value"": 0.00532}",float
optimizer,860,"{""value"": ""rmsprop""}",enum
num_epochs,956,"{""value"": 41}",int
optimizer,475,"{""value"": ""rmsprop""}",enum
weight_decay,510,"{""value"": 0.00080}",float
num_layers,995,"{""value"": 8}",int
early_stopping_rounds,792,"{""value"": 11}",int
regularization_lambda,802,"{""value"": 0.27}",float
random_seed,1045,"{""value"": 90798}",int
min_samples_split,961,"{""value"": 12}",int
patience,988,"{""value"": 20}",int
max_depth,450,"{""value"": 20}",int
activation,974,"{""value"": ""selu""}",enum
learning_rate,894,"{""value"": 0.00485}",float
batch_size,541,"{""value"": 64}",int
hidden_size,1333,"{""value"": 128}",int
num_epochs,946,"{""value"": 52}",int
subsample,262,"{""value"": 0.82}",float
dropout,1042,"{""value"": 0.25}",float
colsample_bytree,1223,"{""value"": 0.99}",float
momentum,1012,"{""value"": 0.21}",float
loss_function,183,"{""value"": ""mse""}",enum
min_samples_leaf,623,"{""value"": 1}",int
momentum,1178,"{""value"": 0.77}",float
random_seed,375,"{""value"": 14531}",int
colsample_bytree,628,"{""value"": 0.83}",float
num_layers,1193,"{""value"": 7}",int
patience,358,"{""value"": 20}",int
min_samples_split,630,"{""value"": 14}",int
learning_rate,619,"{""value"": 0.00372}",float
weight_decay,1336,"{""value"": 0.00162}",float
activation,1218,"{""value"": ""relu""}",enum
subsample,825,"{""value"": 0.98}",float
hidden_size,1278,"{""value"": 256}",int
min_samples_leaf,391,"{""value"": 1}",int
max_depth,161,"{""value"": 16}",int
optimizer,54,"{""value"": ""rmsprop""}",enum
batch_size,179,"{""value"": 256}",int
early_stopping_rounds,208,"{""value"": 21}",int
loss_function,734,"{""value"": ""huber""}",enum
dropout,611,"{""value"": 0.05}",float
num_epochs,189,"{""value"": 188}",int
min_samples_split,443,"{""value"": 7}",int
momentum,1463,"{""value"": 0.74}",float
max_depth,773,"{""value"": 22}",int
min_samples_leaf,110,"{""value"": 2}",int
batch_size,1199,"{""value"": 32}",int
patience,508,"{""value"": 13}",int
dropout,1383,"{""value"": 0.60}",float
num_epochs,881,"{""value"": 144}",int
subsample,505,"{""value"": 0.89}",float
loss_function,1259,"{""value"": ""mae""}",enum
learning_rate,847,"{""value"": 0.00787}",float
random_seed,1041,"{""value"": 98139}",int
weight_decay,810,"{""value"": 0.00482}",float
num_layers,511,"{""value"": 5}",int
colsample_bytree,1348,"{""value"": 0.79}",float
early_stopping_rounds,695,"{""value"": 33}",int
hidden_size,1091,"{""value"": 16}",int
optimizer,1269,"{""value"": ""adamw""}",enum
loss_function,1145,"{""value"": ""mae""}",enum
min_samples_split,1118,"{""value"": 12}",int
min_samples_leaf,313,"{""value"": 9}",int
activation,292,"{""value"": ""tanh""}",enum
random_seed,293,"{""value"": 36960}",int
batch_size,1457,"{""value"": 256}",int
regularization_lambda,1432,"{""value"": 0.53}",float
optimizer,1309,"{""value"": ""rmsprop""}",enum
subsample,316,"{""value"": 0.77}",float
learning_rate,146,"{""value"": 0.00189}",float
weight_decay,1094,"{""value"": 0.00139}",float
num_epochs,648,"{""value"": 12}",int
colsample_bytree,337,"{""value"": 0.55}",float
momentum,873,"{""value"": 0.58}",float
early_stopping_rounds,675,"{""value"": 40}",int
patience,132,"{""value"": 13}",int
hidden_size,190,"{""value"": 512}",int
dropout,553,"{""value"": 0.05}",float
num_layers,903,"{""value"": 4}",int
colsample_bytree,15,"{""value"": 0.57}",float
random_seed,383,"{""value"": 59141}",int
weight_decay,240,"{""value"": 0.00666}",float
hidden_size,512,"{""value"": 16}",int
num_layers,1271,"{""value"": 10}",int
subsample,1190,"{""value"": 0.71}",float
min_samples_split,591,"{""value"": 14}",int
early_stopping_rounds,655,"{""value"": 13}",int
max_depth,601,"{""value"": 18}",int
activation,517,"{""value"": ""sigmoid""}",enum
loss_function,589,"{""value"": ""huber""}",enum
optimizer,1175,"{""value"": ""sgd""}",enum
batch_size,1473,"{""value"": 16}",int
momentum,975,"{""value"": 0.85}",float
regularization_lambda,3,"{""value"": 0.91}",float
learning_rate,1187,"{""value"": 0.00494}",float
min_samples_leaf,1113,"{""value"": 7}",int
dropout,653,"{""value"": 0.49}",float
num_epochs,1487,"{""value"": 15}",int
subsample,1007,"{""value"": 0.52}",float
loss_function,767,"{""value"": ""cross_entropy""}",enum
max_depth,1404,"{""value"": 23}",int
optimizer,1191,"{""value"": ""adamw""}",enum
weight_decay,76,"{""value"": 0.00019}",float
colsample_bytree,1107,"{""value"": 0.60}",float
patience,199,"{""value"": 8}",int
min_samples_leaf,446,"{""value"": 4}",int
num_epochs,806,"{""value"": 148}",int
early_stopping_rounds,270,"{""value"": 9}",int
dropout,969,"{""value"": 0.40}",float
activation,943,"{""value"": ""tanh""}",enum
random_seed,117,"{""value"": 73930}",int
hidden_size,1261,"{""value"": 128}",int
num_layers,488,"{""value"": 10}",int
momentum,1452,"{""value"": 0.83}",float
learning_rate,788,"{""value"": 0.00182}",float
min_samples_split,1116,"{""value"": 10}",int
batch_size,1023,"{""value"": 32}",int
max_depth,112,"{""value"": 21}",int
batch_size,320,"{""value"": 16}",int
early_stopping_rounds,1297,"{""value"": 50}",int
hidden_size,662,"{""value"": 16}",int
dropout,58,"{""value"": 0.01}",float
min_samples_split,18,"{""value"": 11}",int
num_layers,1169,"{""value"": 8}",int
num_epochs,840,"{""value"": 33}",int
momentum,666,"{""value"": 0.35}",float
subsample,8,"{""value"": 0.67}",float
loss_function,83,"{""value"": ""mae""}",enum
min_samples_leaf,1381,"{""value"": 5}",int
weight_decay,404,"{""value"": 0.00104}",float
activation,516,"{""value"": ""selu""}",enum
regularization_lambda,1240,"{""value"": 0.43}",float
optimizer,498,"{""value"": ""adamw""}",enum
random_seed,1084,"{""value"": 77515}",int
learning_rate,357,"{""value"": 0.00612}",float
colsample_bytree,1267,"{""value"": 0.94}",float
patience,837,"{""value"": 9}",int
learning_rate,85,"{""value"": 0.00209}",float
batch_size,1468,"{""value"": 16}",int
hidden_size,1224,"{""value"": 128}",int
num_epochs,411,"{""value"": 164}",int
subsample,930,"{""value"": 0.79}",float
dropout,1353,"{""value"": 0.49}",float
colsample_bytree,560,"{""value"": 0.63}",float
momentum,155,"{""value"": 0.68}",float
loss_function,1198,"{""value"": ""mae""}",enum
min_samples_leaf,638,"{""value"": 7}",int
optimizer,135,"{""value"": ""adam""}",enum
weight_decay,904,"{""value"": 0.00559}",float
num_layers,79,"{""value"": 2}",int
early_stopping_rounds,49,"{""value"": 8}",int
regularization_lambda,709,"{""value"": 0.01}",float
random_seed,371,"{""value"": 68079}",int
min_samples_split,1396,"{""value"": 7}",int
patience,412,"{""value"": 20}",int
max_depth,1431,"{""value"": 14}",int
activation,702,"{""value"": ""sigmoid""}",enum
min_samples_leaf,1142,"{""value"": 3}",int
dropout,163,"{""value"": 0.00}",float
optimizer,921,"{""value"": ""sgd""}",enum
num_layers,70,"{""value"": 4}",int
early_stopping_rounds,243,"{""value"": 28}",int
learning_rate,587,"{""value"": 0.00955}",float
weight_decay,50,"{""value"": 0.00270}",float
random_seed,749,"{""value"": 96757}",int
batch_size,1161,"{""value"": 64}",int
hidden_size,994,"{""value"": 128}",int
colsample_bytree,361,"{""value"": 0.73}",float
regularization_lambda,832,"{""value"": 0.07}",float
min_samples_split,329,"{""value"": 14}",int
loss_function,389,"{""value"": ""mse""}",enum
max_depth,1290,"{""value"": 20}",int
num_epochs,984,"{""value"": 62}",int
activation,470,"{""value"": ""relu""}",enum
momentum,696,"{""value"": 0.05}",float
subsample,322,"{""value"": 0.98}",float
patience,52,"{""value"": 4}",int
momentum,1355,"{""value"": 0.17}",float
hidden_size,1500,"{""value"": 16}",int
min_samples_split,1484,"{""value"": 14}",int
learning_rate,616,"{""value"": 0.00235}",float
colsample_bytree,624,"{""value"": 0.78}",float
loss_function,263,"{""value"": ""mse""}",enum
patience,926,"{""value"": 10}",int
optimizer,1037,"{""value"": ""sgd""}",enum
activation,196,"{""value"": ""tanh""}",enum
regularization_lambda,920,"{""value"": 0.18}",float
dropout,823,"{""value"": 0.60}",float
num_layers,387,"{""value"": 7}",int
early_stopping_rounds,1461,"{""value"": 24}",int
subsample,1132,"{""value"": 0.55}",float
random_seed,384,"{""value"": 47157}",int
min_samples_leaf,1378,"{""value"": 5}",int
max_depth,1342,"{""value"": 7}",int
weight_decay,363,"{""value"": 0.00617}",float
batch_size,342,"{""value"": 16}",int
early_stopping_rounds,136,"{""value"": 46}",int
subsample,993,"{""value"": 0.63}",float
random_seed,670,"{""value"": 25854}",int
min_samples_leaf,861,"{""value"": 3}",int
max_depth,576,"{""value"": 16}",int
weight_decay,1477,"{""value"": 0.00257}",float
batch_size,1017,"{""value"": 32}",int
momentum,928,"{""value"": 0.25}",float
min_samples_split,551,"{""value"": 16}",int
learning_rate,168,"{""value"": 0.00653}",float
loss_function,862,"{""value"": ""cross_entropy""}",enum
num_epochs,1489,"{""value"": 197}",int
patience,908,"{""value"": 5}",int
optimizer,681,"{""value"": ""rmsprop""}",enum
activation,419,"{""value"": ""sigmoid""}",enum
regularization_lambda,567,"{""value"": 0.84}",float
dropout,942,"{""value"": 0.05}",float
num_layers,596,"{""value"": 4}",int
early_stopping_rounds,273,"{""value"": 34}",int
subsample,1299,"{""value"": 0.90}",float
random_seed,407,"{""value"": 5937}",int
max_depth,1003,"{""value"": 5}",int
weight_decay,1135,"{""value"": 0.00798}",float
batch_size,1086,"{""value"": 32}",int
momentum,937,"{""value"": 0.86}",float
hidden_size,1286,"{""value"": 32}",int
min_samples_split,269,"{""value"": 9}",int
learning_rate,56,"{""value"": 0.00329}",float
colsample_bytree,429,"{""value"": 0.56}",float
loss_function,694,"{""value"": ""mae""}",enum
num_epochs,1380,"{""value"": 165}",int
patience,487,"{""value"": 10}",int
optimizer,417,"{""value"": ""rmsprop""}",enum
activation,449,"{""value"": ""relu""}",enum
regularization_lambda,116,"{""value"": 1.00}",float
dropout,436,"{""value"": 0.57}",float
learning_rate,1162,"{""value"": 0.00920}",float
colsample_bytree,1408,"{""value"": 0.61}",float
patience,1249,"{""value"": 9}",int
max_depth,184,"{""value"": 15}",int
batch_size,890,"{""value"": 128}",int
early_stopping_rounds,1327,"{""value"": 9}",int
hidden_size,990,"{""value"": 256}",int
dropout,604,"{""value"": 0.11}",float
min_samples_split,886,"{""value"": 5}",int
num_layers,291,"{""value"": 7}",int
num_epochs,739,"{""value"": 165}",int
momentum,1104,"{""value"": 0.90}",float
subsample,1277,"{""value"": 0.93}",float
loss_function,19,"{""value"": ""huber""}",enum
min_samples_leaf,855,"{""value"": 7}",int
weight_decay,474,"{""value"": 0.00141}",float
activation,122,"{""value"": ""selu""}",enum
regularization_lambda,444,"{""value"": 0.47}",float
optimizer,1437,"{""value"": ""rmsprop""}",enum
random_seed,30,"{""value"": 40782}",int
weight_decay,925,"{""value"": 0.00433}",float
momentum,1245,"{""value"": 0.02}",float
random_seed,402,"{""value"": 22161}",int
num_layers,893,"{""value"": 4}",int
patience,157,"{""value"": 16}",int
learning_rate,1167,"{""value"": 0.00687}",float
dropout,876,"{""value"": 0.24}",float
optimizer,794,"{""value"": ""sgd""}",enum
min_samples_split,569,"{""value"": 4}",int
activation,140,"{""value"": ""relu""}",enum
subsample,872,"{""value"": 0.80}",float
hidden_size,1159,"{""value"": 32}",int
max_depth,882,"{""value"": 5}",int
colsample_bytree,1409,"{""value"": 0.99}",float
early_stopping_rounds,451,"{""value"": 27}",int
min_samples_leaf,352,"{""value"": 9}",int
batch_size,22,"{""value"": 16}",int
loss_function,1211,"{""value"": ""mse""}",enum
num_epochs,1160,"{""value"": 54}",int
patience,21,"{""value"": 5}",int
min_samples_leaf,1090,"{""value"": 1}",int
num_epochs,813,"{""value"": 125}",int
early_stopping_rounds,768,"{""value"": 20}",int
dropout,1392,"{""value"": 0.35}",float
activation,743,"{""value"": ""gelu""}",enum
random_seed,1388,"{""value"": 60544}",int
hidden_size,1337,"{""value"": 256}",int
num_layers,87,"{""value"": 8}",int
momentum,133,"{""value"": 0.87}",float
learning_rate,924,"{""value"": 0.00237}",float
min_samples_split,1139,"{""value"": 14}",int
batch_size,607,"{""value"": 16}",int
subsample,1127,"{""value"": 0.81}",float
regularization_lambda,324,"{""value"": 0.89}",float
loss_function,380,"{""value"": ""cross_entropy""}",enum
max_depth,479,"{""value"": 6}",int
optimizer,1340,"{""value"": ""sgd""}",enum
weight_decay,684,"{""value"": 0.00436}",float
colsample_bytree,789,"{""value"": 0.59}",float
optimizer,935,"{""value"": ""adamw""}",enum
subsample,426,"{""value"": 0.74}",float
learning_rate,1412,"{""value"": 0.00894}",float
max_depth,690,"{""value"": 17}",int
weight_decay,1056,"{""value"": 0.00077}",float
num_epochs,88,"{""value"": 151}",int
colsample_bytree,1384,"{""value"": 1.00}",float
momentum,963,"{""value"": 0.27}",float
early_stopping_rounds,864,"{""value"": 32}",int
patience,80,"{""value"": 16}",int
hidden_size,602,"{""value"": 512}",int
dropout,1375,"{""value"": 0.03}",float
num_layers,1320,"{""value"": 7}",int
loss_function,845,"{""value"": ""mse""}",enum
min_samples_split,334,"{""value"": 7}",int
min_samples_leaf,147,"{""value"": 9}",int
random_seed,554,"{""value"": 79229}",int
batch_size,237,"{""value"": 256}",int
regularization_lambda,1444,"{""value"": 0.28}",float
weight_decay,1393,"{""value"": 0.00965}",float
regularization_lambda,300,"{""value"": 0.59}",float
min_samples_leaf,1379,"{""value"": 9}",int
min_samples_split,265,"{""value"": 15}",int
num_epochs,124,"{""value"": 6}",int
batch_size,1076,"{""value"": 128}",int
subsample,195,"{""value"": 0.88}",float
patience,575,"{""value"": 5}",int
loss_function,753,"{""value"": ""huber""}",enum
random_seed,339,"{""value"": 73027}",int
optimizer,171,"{""value"": ""adamw""}",enum
colsample_bytree,1370,"{""value"": 0.82}",float
momentum,962,"{""value"": 0.95}",float
learning_rate,530,"{""value"": 0.00270}",float
num_layers,170,"{""value"": 4}",int
early_stopping_rounds,2,"{""value"": 16}",int
max_depth,1343,"{""value"": 6}",int
dropout,671,"{""value"": 0.23}",float
activation,814,"{""value"": ""relu""}",enum
hidden_size,45,"{""value"": 64}",int
num_epochs,1146,"{""value"": 135}",int
momentum,831,"{""value"": 0.22}",float
loss_function,323,"{""value"": ""mse""}",enum
max_depth,821,"{""value"": 14}",int
batch_size,478,"{""value"": 16}",int
patience,445,"{""value"": 13}",int
optimizer,338,"{""value"": ""adamw""}",enum
dropout,1260,"{""value"": 0.39}",float
random_seed,1268,"{""value"": 56646}",int
colsample_bytree,1417,"{""value"": 0.51}",float
subsample,1227,"{""value"": 0.97}",float
min_samples_leaf,194,"{""value"": 8}",int
num_layers,812,"{""value"": 6}",int
activation,1018,"{""value"": ""gelu""}",enum
early_stopping_rounds,236,"{""value"": 25}",int
hidden_size,839,"{""value"": 32}",int
learning_rate,561,"{""value"": 0.00217}",float
min_samples_split,958,"{""value"": 8}",int
weight_decay,1050,"{""value"": 0.00088}",float
patience,46,"{""value"": 7}",int
min_samples_leaf,201,"{""value"": 3}",int
weight_decay,772,"{""value"": 0.00961}",float
batch_size,1040,"{""value"": 256}",int
momentum,310,"{""value"": 0.31}",float
early_stopping_rounds,933,"{""value"": 37}",int
learning_rate,751,"{""value"": 0.00924}",float
random_seed,652,"{""value"": 48238}",int
dropout,1476,"{""value"": 0.40}",float
min_samples_split,160,"{""value"": 9}",int
colsample_bytree,486,"{""value"": 0.52}",float
loss_function,1470,"{""value"": ""huber""}",enum
optimizer,593,"{""value"": ""adamw""}",enum
activation,1356,"{""value"": ""gelu""}",enum
hidden_size,1192,"{""value"": 16}",int
num_epochs,532,"{""value"": 52}",int
regularization_lambda,1294,"{""value"": 0.26}",float
num_layers,674,"{""value"": 6}",int
subsample,476,"{""value"": 0.55}",float
max_depth,801,"{""value"": 7}",int
patience,1338,"{""value"": 10}",int
random_seed,289,"{""value"": 37891}",int
weight_decay,413,"{""value"": 0.00324}",float
hidden_size,1471,"{""value"": 32}",int
num_layers,1287,"{""value"": 10}",int
subsample,493,"{""value"": 0.91}",float
min_samples_split,849,"{""value"": 19}",int
early_stopping_rounds,987,"{""value"": 22}",int
max_depth,1026,"{""value"": 7}",int
activation,1061,"{""value"": ""relu""}",enum
loss_function,1163,"{""value"": ""mse""}",enum
optimizer,134,"{""value"": ""rmsprop""}",enum
batch_size,1292,"{""value"": 64}",int
momentum,803,"{""value"": 0.77}",float
regularization_lambda,203,"{""value"": 0.21}",float
learning_rate,1052,"{""value"": 0.00210}",float
min_samples_leaf,401,"{""value"": 9}",int
dropout,144,"{""value"": 0.39}",float
num_epochs,458,"{""value"": 88}",int
colsample_bytree,398,"{""value"": 0.96}",float
learning_rate,1306,"{""value"": 0.00208}",float
max_depth,1280,"{""value"": 10}",int
dropout,181,"{""value"": 0.39}",float
activation,830,"{""value"": ""gelu""}",enum
hidden_size,518,"{""value"": 16}",int
weight_decay,420,"{""value"": 0.00339}",float
regularization_lambda,108,"{""value"": 0.84}",float
min_samples_split,220,"{""value"": 2}",int
num_epochs,1313,"{""value"": 82}",int
batch_size,528,"{""value"": 256}",int
subsample,1247,"{""value"": 0.98}",float
patience,1351,"{""value"": 10}",int
random_seed,1170,"{""value"": 75210}",int
optimizer,1152,"{""value"": ""rmsprop""}",enum
colsample_bytree,1000,"{""value"": 0.70}",float
momentum,89,"{""value"": 0.41}",float
random_seed,721,"{""value"": 81614}",int
colsample_bytree,588,"{""value"": 0.71}",float
subsample,211,"{""value"": 0.75}",float
min_samples_leaf,311,"{""value"": 8}",int
num_layers,1391,"{""value"": 6}",int
activation,1100,"{""value"": ""selu""}",enum
early_stopping_rounds,1047,"{""value"": 5}",int
regularization_lambda,415,"{""value"": 0.54}",float
hidden_size,128,"{""value"": 256}",int
learning_rate,1443,"{""value"": 0.00818}",float
min_samples_split,1399,"{""value"": 3}",int
weight_decay,909,"{""value"": 0.00647}",float
num_epochs,603,"{""value"": 8}",int
momentum,661,"{""value"": 0.15}",float
loss_function,1304,"{""value"": ""mae""}",enum
max_depth,12,"{""value"": 14}",int
batch_size,1228,"{""value"": 16}",int
patience,447,"{""value"": 9}",int
optimizer,239,"{""value"": ""sgd""}",enum
dropout,1315,"{""value"": 0.27}",float
dropout,60,"{""value"": 0.26}",float
random_seed,889,"{""value"": 91009}",int
colsample_bytree,1114,"{""value"": 0.73}",float
subsample,468,"{""value"": 0.65}",float
min_samples_leaf,545,"{""value"": 7}",int
num_layers,368,"{""value"": 7}",int
activation,303,"{""value"": ""tanh""}",enum
early_stopping_rounds,167,"{""value"": 31}",int
regularization_lambda,927,"{""value"": 0.60}",float
hidden_size,275,"{""value"": 32}",int
learning_rate,271,"{""value"": 0.00271}",float
min_samples_split,456,"{""value"": 6}",int
weight_decay,777,"{""value"": 0.00626}",float
momentum,188,"{""value"": 0.96}",float
loss_function,55,"{""value"": ""mse""}",enum
max_depth,255,"{""value"": 17}",int
batch_size,440,"{""value"": 128}",int
patience,853,"{""value"": 14}",int
optimizer,524,"{""value"": ""sgd""}",enum
loss_function,1499,"{""value"": ""huber""}",enum
dropout,879,"{""value"": 0.29}",float
weight_decay,708,"{""value"": 0.00801}",float
colsample_bytree,1182,"{""value"": 0.58}",float
activation,529,"{""value"": ""tanh""}",enum
patience,1181,"{""value"": 16}",int
regularization_lambda,534,"{""value"": 0.49}",float
hidden_size,169,"{""value"": 512}",int
min_samples_leaf,1214,"{""value"": 8}",int
min_samples_split,107,"{""value"": 4}",int
batch_size,430,"{""value"": 16}",int
early_stopping_rounds,906,"{""value"": 20}",int
random_seed,364,"{""value"": 80092}",int
num_epochs,764,"{""value"": 183}",int
subsample,730,"{""value"": 0.62}",float
optimizer,793,"{""value"": ""sgd""}",enum
momentum,297,"{""value"": 0.45}",float
max_depth,1213,"{""value"": 16}",int
learning_rate,1241,"{""value"": 0.00542}",float
num_layers,343,"{""value"": 2}",int
subsample,905,"{""value"": 0.75}",float
learning_rate,386,"{""value"": 0.00816}",float
max_depth,1015,"{""value"": 9}",int
weight_decay,922,"{""value"": 0.00472}",float
num_epochs,11,"{""value"": 149}",int
colsample_bytree,1022,"{""value"": 0.83}",float
momentum,1451,"{""value"": 0.61}",float
early_stopping_rounds,981,"{""value"": 38}",int
patience,996,"{""value"": 11}",int
hidden_size,612,"{""value"": 128}",int
dropout,858,"{""value"": 0.07}",float
num_layers,701,"{""value"": 4}",int
loss_function,1031,"{""value"": ""mae""}",enum
min_samples_split,465,"{""value"": 19}",int
min_samples_leaf,1334,"{""value"": 5}",int
activation,897,"{""value"": ""sigmoid""}",enum
random_seed,1166,"{""value"": 62546}",int
batch_size,485,"{""value"": 16}",int
regularization_lambda,114,"{""value"": 0.86}",float
optimizer,1080,"{""value"": ""sgd""}",enum
early_stopping_rounds,180,"{""value"": 19}",int
loss_function,235,"{""value"": ""mse""}",enum
dropout,1296,"{""value"": 0.33}",float
num_epochs,233,"{""value"": 21}",int
momentum,69,"{""value"": 0.00}",float
random_seed,808,"{""value"": 95191}",int
colsample_bytree,1323,"{""value"": 0.75}",float
regularization_lambda,537,"{""value"": 0.60}",float
num_layers,1418,"{""value"": 1}",int
patience,1303,"{""value"": 19}",int
min_samples_split,1071,"{""value"": 5}",int
learning_rate,1332,"{""value"": 0.00761}",float
weight_decay,1134,"{""value"": 0.00282}",float
activation,919,"{""value"": ""selu""}",enum
subsample,197,"{""value"": 0.68}",float
min_samples_leaf,754,"{""value"": 9}",int
max_depth,466,"{""value"": 18}",int
optimizer,290,"{""value"": ""rmsprop""}",enum
batch_size,1255,"{""value"": 128}",int
early_stopping_rounds,1092,"{""value"": 28}",int
optimizer,854,"{""value"": ""adam""}",enum
random_seed,1368,"{""value"": 90208}",int
num_epochs,74,"{""value"": 76}",int
momentum,350,"{""value"": 0.42}",float
hidden_size,71,"{""value"": 32}",int
max_depth,716,"{""value"": 18}",int
num_layers,277,"{""value"": 4}",int
batch_size,120,"{""value"": 64}",int
activation,738,"{""value"": ""gelu""}",enum
regularization_lambda,1154,"{""value"": 0.94}",float
loss_function,704,"{""value"": ""huber""}",enum
learning_rate,916,"{""value"": 0.00674}",float
weight_decay,1447,"{""value"": 0.00535}",float
subsample,95,"{""value"": 0.54}",float
min_samples_leaf,1001,"{""value"": 7}",int
colsample_bytree,728,"{""value"": 0.97}",float
patience,260,"{""value"": 20}",int
min_samples_split,1401,"{""value"": 12}",int
batch_size,249,"{""value"": 256}",int
momentum,139,"{""value"": 0.80}",float
regularization_lambda,691,"{""value"": 0.78}",float
learning_rate,707,"{""value"": 0.00324}",float
min_samples_leaf,145,"{""value"": 3}",int
dropout,215,"{""value"": 0.28}",float
num_epochs,308,"{""value"": 86}",int
colsample_bytree,896,"{""value"": 0.71}",float
patience,750,"{""value"": 18}",int
random_seed,857,"{""value"": 73912}",int
weight_decay,1346,"{""value"": 0.00678}",float
hidden_size,907,"{""value"": 128}",int
num_layers,747,"{""value"": 9}",int
min_samples_split,1138,"{""value"": 14}",int
early_stopping_rounds,1427,"{""value"": 16}",int
max_depth,428,"{""value"": 20}",int
activation,81,"{""value"": ""gelu""}",enum
loss_function,317,"{""value"": ""mae""}",enum
optimizer,123,"{""value"": ""adamw""}",enum
patience,667,"{""value"": 3}",int
random_seed,111,"{""value"": 2201}",int
weight_decay,1363,"{""value"": 0.00884}",float
hidden_size,325,"{""value"": 128}",int
num_layers,583,"{""value"": 5}",int
subsample,1311,"{""value"": 0.81}",float
min_samples_split,1136,"{""value"": 10}",int
early_stopping_rounds,1416,"{""value"": 5}",int
max_depth,932,"{""value"": 3}",int
activation,359,"{""value"": ""selu""}",enum
loss_function,349,"{""value"": ""mse""}",enum
optimizer,113,"{""value"": ""adamw""}",enum
batch_size,40,"{""value"": 16}",int
momentum,732,"{""value"": 0.56}",float
regularization_lambda,685,"{""value"": 0.06}",float
learning_rate,1147,"{""value"": 0.00301}",float
min_samples_leaf,949,"{""value"": 6}",int
dropout,379,"{""value"": 0.02}",float
num_epochs,548,"{""value"": 11}",int
colsample_bytree,462,"{""value"": 0.64}",float
momentum,381,"{""value"": 0.83}",float
random_seed,77,"{""value"": 32525}",int
num_layers,1322,"{""value"": 5}",int
patience,799,"{""value"": 14}",int
dropout,614,"{""value"": 0.26}",float
optimizer,663,"{""value"": ""adamw""}",enum
min_samples_split,1465,"{""value"": 10}",int
activation,1034,"{""value"": ""tanh""}",enum
subsample,947,"{""value"": 0.64}",float
hidden_size,91,"{""value"": 32}",int
max_depth,312,"{""value"": 24}",int
colsample_bytree,36,"{""value"": 0.68}",float
early_stopping_rounds,1445,"{""value"": 49}",int
min_samples_leaf,278,"{""value"": 9}",int
batch_size,1281,"{""value"": 32}",int
loss_function,1053,"{""value"": ""cross_entropy""}",enum
num_epochs,818,"{""value"": 11}",int
regularization_lambda,911,"{""value"": 0.95}",float
weight_decay,1456,"{""value"": 0.00671}",float
num_layers,1385,"{""value"": 10}",int
subsample,121,"{""value"": 0.74}",float
patience,514,"{""value"": 15}",int
min_samples_leaf,539,"{""value"": 2}",int
weight_decay,266,"{""value"": 0.00850}",float
batch_size,244,"{""value"": 16}",int
momentum,309,"{""value"": 0.49}",float
early_stopping_rounds,1243,"{""value"": 36}",int
learning_rate,1164,"{""value"": 0.00348}",float
random_seed,1436,"{""value"": 46996}",int
dropout,779,"{""value"": 0.12}",float
min_samples_split,1020,"{""value"": 20}",int
colsample_bytree,1428,"{""value"": 0.83}",float
loss_function,305,"{""value"": ""mae""}",enum
optimizer,500,"{""value"": ""rmsprop""}",enum
activation,1458,"{""value"": ""sigmoid""}",enum
hidden_size,1345,"{""value"": 16}",int
num_epochs,247,"{""value"": 79}",int
regularization_lambda,758,"{""value"": 0.31}",float
subsample,785,"{""value"": 0.92}",float
optimizer,689,"{""value"": ""sgd""}",enum
momentum,376,"{""value"": 0.62}",float
max_depth,1036,"{""value"": 5}",int
learning_rate,676,"{""value"": 0.00123}",float
num_layers,546,"{""value"": 6}",int
loss_function,318,"{""value"": ""mae""}",enum
dropout,733,"{""value"": 0.15}",float
weight_decay,1197,"{""value"": 0.00761}",float
colsample_bytree,1124,"{""value"": 0.62}",float
activation,1339,"{""value"": ""tanh""}",enum
patience,835,"{""value"": 3}",int
regularization_lambda,393,"{""value"": 0.68}",float
hidden_size,1264,"{""value"": 64}",int
min_samples_leaf,35,"{""value"": 5}",int
batch_size,1329,"{""value"": 32}",int
early_stopping_rounds,245,"{""value"": 36}",int
random_seed,370,"{""value"": 64360}",int
num_epochs,1276,"{""value"": 146}",int
num_layers,936,"{""value"": 1}",int
early_stopping_rounds,999,"{""value"": 15}",int
regularization_lambda,1068,"{""value"": 0.55}",float
random_seed,780,"{""value"": 42098}",int
min_samples_split,1049,"{""value"": 20}",int
patience,955,"{""value"": 16}",int
max_depth,848,"{""value"": 3}",int
activation,509,"{""value"": ""gelu""}",enum
learning_rate,336,"{""value"": 0.00474}",float
batch_size,1490,"{""value"": 32}",int
hidden_size,1403,"{""value"": 128}",int
num_epochs,256,"{""value"": 93}",int
dropout,92,"{""value"": 0.42}",float
colsample_bytree,276,"{""value"": 0.58}",float
momentum,720,"{""value"": 0.94}",float
min_samples_leaf,621,"{""value"": 8}",int
optimizer,1231,"{""value"": ""sgd""}",enum
weight_decay,1300,"{""value"": 0.00121}",float
early_stopping_rounds,423,"{""value"": 31}",int
loss_function,1400,"{""value"": ""mae""}",enum
dropout,365,"{""value"": 0.25}",float
num_epochs,669,"{""value"": 185}",int
momentum,572,"{""value"": 0.69}",float
random_seed,1407,"{""value"": 20553}",int
colsample_bytree,27,"{""value"": 0.58}",float
regularization_lambda,573,"{""value"": 0.93}",float
num_layers,452,"{""value"": 4}",int
patience,786,"{""value"": 7}",int
min_samples_split,931,"{""value"": 4}",int
learning_rate,254,"{""value"": 0.00885}",float
weight_decay,581,"{""value"": 0.00197}",float
activation,692,"{""value"": ""tanh""}",enum
subsample,1206,"{""value"": 0.77}",float
hidden_size,574,"{""value"": 32}",int
min_samples_leaf,710,"{""value"": 4}",int
max_depth,328,"{""value"": 21}",int
optimizer,1495,"{""value"": ""adamw""}",enum
batch_size,766,"{""value"": 32}",int
loss_function,1046,"{""value"": ""mae""}",enum
optimizer,62,"{""value"": ""sgd""}",enum
batch_size,997,"{""value"": 64}",int
momentum,1307,"{""value"": 0.50}",float
regularization_lambda,1087,"{""value"": 0.59}",float
learning_rate,421,"{""value"": 0.00318}",float
min_samples_leaf,842,"{""value"": 8}",int
dropout,250,"{""value"": 0.47}",float
num_epochs,1282,"{""value"": 25}",int
colsample_bytree,992,"{""value"": 0.71}",float
patience,137,"{""value"": 7}",int
random_seed,202,"{""value"": 42699}",int
weight_decay,715,"{""value"": 0.00275}",float
hidden_size,424,"{""value"": 64}",int
num_layers,664,"{""value"": 4}",int
subsample,796,"{""value"": 0.87}",float
early_stopping_rounds,72,"{""value"": 10}",int
max_depth,253,"{""value"": 11}",int
activation,1155,"{""value"": ""sigmoid""}",enum
subsample,131,"{""value"": 0.60}",float
random_seed,520,"{""value"": 76115}",int
min_samples_split,1367,"{""value"": 17}",int
colsample_bytree,302,"{""value"": 0.73}",float
activation,507,"{""value"": ""sigmoid""}",enum
momentum,741,"{""value"": 0.41}",float
hidden_size,525,"{""value"": 128}",int
learning_rate,182,"{""value"": 0.00450}",float
min_samples_leaf,246,"{""value"": 10}",int
optimizer,1119,"{""value"": ""adam""}",enum
num_epochs,390,"{""value"": 67}",int
regularization_lambda,1129,"{""value"": 0.49}",float
max_depth,550,"{""value"": 3}",int
loss_function,427,"{""value"": ""cross_entropy""}",enum
num_layers,703,"{""value"": 5}",int
patience,355,"{""value"": 16}",int
weight_decay,1210,"{""value"": 0.00770}",float
early_stopping_rounds,360,"{""value"": 30}",int
dropout,1305,"{""value"": 0.22}",float
batch_size,1016,"{""value"": 32}",int
regularization_lambda,606,"{""value"": 0.84}",float
loss_function,1002,"{""value"": ""huber""}",enum
learning_rate,887,"{""value"": 0.00818}",float
dropout,1389,"{""value"": 0.18}",float
weight_decay,1273,"{""value"": 0.00391}",float
subsample,687,"{""value"": 0.74}",float
min_samples_leaf,1295,"{""value"": 2}",int
patience,1310,"{""value"": 18}",int
min_samples_split,286,"{""value"": 2}",int
early_stopping_rounds,1291,"{""value"": 19}",int
optimizer,641,"{""value"": ""adam""}",enum
random_seed,827,"{""value"": 3192}",int
num_epochs,1035,"{""value"": 85}",int
momentum,634,"{""value"": 0.42}",float
hidden_size,944,"{""value"": 256}",int
max_depth,1044,"{""value"": 16}",int
num_layers,1285,"{""value"": 7}",int
batch_size,1019,"{""value"": 128}",int
activation,871,"{""value"": ""relu""}",enum
patience,1454,"{""value"": 7}",int
optimizer,210,"{""value"": ""sgd""}",enum
activation,1083,"{""value"": ""gelu""}",enum
regularization_lambda,1312,"{""value"": 0.31}",float
dropout,1110,"{""value"": 0.37}",float
num_layers,1270,"{""value"": 5}",int
early_stopping_rounds,101,"{""value"": 49}",int
subsample,187,"{""value"": 0.59}",float
min_samples_leaf,686,"{""value"": 6}",int
max_depth,1288,"{""value"": 4}",int
weight_decay,1266,"{""value"": 0.00328}",float
batch_size,1103,"{""value"": 128}",int
momentum,326,"{""value"": 0.43}",float
hidden_size,828,"{""value"": 16}",int
min_samples_split,331,"{""value"": 14}",int
learning_rate,25,"{""value"": 0.00386}",float
colsample_bytree,23,"{""value"": 0.55}",float
loss_function,811,"{""value"": ""mse""}",enum
num_epochs,712,"{""value"": 90}",int
dropout,1275,"{""value"": 0.39}",float
colsample_bytree,952,"{""value"": 0.84}",float
momentum,1480,"{""value"": 0.97}",float
loss_function,1089,"{""value"": ""mse""}",enum
min_samples_leaf,895,"{""value"": 7}",int
optimizer,66,"{""value"": ""adamw""}",enum
weight_decay,610,"{""value"": 0.00285}",float
num_layers,90,"{""value"": 8}",int
early_stopping_rounds,656,"{""value"": 20}",int
regularization_lambda,392,"{""value"": 0.47}",float
random_seed,29,"{""value"": 19193}",int
min_samples_split,1032,"{""value"": 2}",int
patience,1069,"{""value"": 13}",int
max_depth,409,"{""value"": 20}",int
activation,1350,"{""value"": ""sigmoid""}",enum
learning_rate,506,"{""value"": 0.00251}",float
batch_size,1387,"{""value"": 32}",int
hidden_size,757,"{""value"": 16}",int
num_epochs,378,"{""value"": 120}",int
subsample,1493,"{""value"": 0.74}",float
random_seed,729,"{""value"": 91739}",int
num_layers,954,"{""value"": 6}",int
patience,1364,"{""value"": 13}",int
learning_rate,1024,"{""value"": 0.00135}",float
dropout,166,"{""value"": 0.23}",float
optimizer,1331,"{""value"": ""sgd""}",enum
min_samples_split,633,"{""value"": 9}",int
activation,457,"{""value"": ""selu""}",enum
subsample,549,"{""value"": 0.62}",float
hidden_size,1357,"{""value"": 64}",int
max_depth,1324,"{""value"": 23}",int
colsample_bytree,1434,"{""value"": 0.55}",float
early_stopping_rounds,26,"{""value"": 11}",int
min_samples_leaf,261,"{""value"": 1}",int
batch_size,98,"{""value"": 16}",int
loss_function,1121,"{""value"": ""huber""}",enum
num_epochs,1455,"{""value"": 168}",int
regularization_lambda,1073,"{""value"": 0.52}",float
weight_decay,1483,"{""value"": 0.00220}",float
momentum,597,"{""value"": 0.64}",float
colsample_bytree,1025,"{""value"": 0.65}",float
activation,1098,"{""value"": ""tanh""}",enum
hidden_size,1430,"{""value"": 128}",int
optimizer,385,"{""value"": ""rmsprop""}",enum
regularization_lambda,284,"{""value"": 0.89}",float
min_samples_split,348,"{""value"": 18}",int
momentum,1317,"{""value"": 0.63}",float
max_depth,1284,"{""value"": 24}",int
min_samples_leaf,1438,"{""value"": 6}",int
batch_size,1208,"{""value"": 32}",int
patience,891,"{""value"": 9}",int
dropout,1237,"{""value"": 0.22}",float
num_epochs,594,"{""value"": 165}",int
subsample,1048,"{""value"": 0.93}",float
loss_function,1248,"{""value"": ""mae""}",enum
learning_rate,346,"{""value"": 0.00421}",float
random_seed,477,"{""value"": 54702}",int
num_layers,902,"{""value"": 1}",int
random_seed,899,"{""value"": 1350}",int
min_samples_leaf,496,"{""value"": 7}",int
num_layers,756,"{""value"": 1}",int
num_epochs,1446,"{""value"": 45}",int
batch_size,100,"{""value"": 64}",int
subsample,991,"{""value"": 0.80}",float
learning_rate,172,"{""value"": 0.00654}",float
min_samples_split,1238,"{""value"": 14}",int
activation,746,"{""value"": ""sigmoid""}",enum
loss_function,97,"{""value"": ""mae""}",enum
weight_decay,242,"{""value"": 0.00601}",float
early_stopping_rounds,238,"{""value"": 40}",int
momentum,566,"{""value"": 0.51}",float
dropout,762,"{""value"": 0.12}",float
regularization_lambda,1168,"{""value"": 0.21}",float
max_depth,698,"{""value"": 6}",int
colsample_bytree,158,"{""value"": 0.59}",float
patience,1453,"{""value"": 8}",int
hidden_size,204,"{""value"": 16}",int
loss_function,366,"{""value"": ""mse""}",enum
num_layers,1215,"{""value"": 2}",int
early_stopping_rounds,274,"{""value"": 11}",int
min_samples_leaf,1382,"{""value"": 3}",int
num_epochs,1106,"{""value"": 58}",int
regularization_lambda,521,"{""value"": 0.41}",float
random_seed,1258,"{""value"": 17888}",int
max_depth,700,"{""value"": 8}",int
min_samples_split,761,"{""value"": 14}",int
weight_decay,635,"{""value"": 0.00344}",float
activation,138,"{""value"": ""sigmoid""}",enum
momentum,1232,"{""value"": 0.98}",float
patience,544,"{""value"": 6}",int
learning_rate,1251,"{""value"": 0.00547}",float
optimizer,200,"{""value"": ""sgd""}",enum
batch_size,67,"{""value"": 32}",int
subsample,1088,"{""value"": 0.94}",float
dropout,1293,"{""value"": 0.10}",float
hidden_size,283,"{""value"": 32}",int
min_samples_split,118,"{""value"": 10}",int
early_stopping_rounds,964,"{""value"": 50}",int
loss_function,863,"{""value"": ""mse""}",enum
random_seed,1221,"{""value"": 64602}",int
dropout,64,"{""value"": 0.30}",float
max_depth,464,"{""value"": 13}",int
colsample_bytree,998,"{""value"": 0.81}",float
batch_size,869,"{""value"": 32}",int
activation,1123,"{""value"": ""sigmoid""}",enum
regularization_lambda,1216,"{""value"": 0.23}",float
min_samples_leaf,866,"{""value"": 1}",int
num_layers,711,"{""value"": 10}",int
learning_rate,1234,"{""value"": 0.00113}",float
num_epochs,9,"{""value"": 145}",int
patience,252,"{""value"": 11}",int
weight_decay,82,"{""value"": 0.00346}",float
subsample,654,"{""value"": 0.73}",float
optimizer,374,"{""value"": ""adam""}",enum
hidden_size,279,"{""value"": 256}",int
activation,660,"{""value"": ""sigmoid""}",enum
regularization_lambda,673,"{""value"": 0.72}",float
loss_function,471,"{""value"": ""huber""}",enum
learning_rate,1464,"{""value"": 0.00518}",float
dropout,533,"{""value"": 0.40}",float
weight_decay,824,"{""value"": 0.00199}",float
subsample,726,"{""value"": 0.63}",float
min_samples_leaf,1202,"{""value"": 4}",int
colsample_bytree,820,"{""value"": 1.00}",float
patience,740,"{""value"": 11}",int
min_samples_split,1481,"{""value"": 6}",int
early_stopping_rounds,1321,"{""value"": 29}",int
optimizer,1229,"{""value"": ""rmsprop""}",enum
random_seed,154,"{""value"": 56743}",int
num_epochs,1467,"{""value"": 130}",int
momentum,527,"{""value"": 0.17}",float
hidden_size,57,"{""value"": 32}",int
max_depth,410,"{""value"": 4}",int
num_layers,826,"{""value"": 3}",int
batch_size,448,"{""value"": 64}",int
max_depth,234,"{""value"": 15}",int
dropout,1441,"{""value"": 0.51}",float
activation,1111,"{""value"": ""relu""}",enum
hidden_size,1101,"{""value"": 256}",int
weight_decay,257,"{""value"": 0.00518}",float
regularization_lambda,258,"{""value"": 0.64}",float
min_samples_leaf,760,"{""value"": 3}",int
min_samples_split,892,"{""value"": 2}",int
num_epochs,1279,"{""value"": 54}",int
batch_size,16,"{""value"": 16}",int
subsample,408,"{""value"": 0.96}",float
patience,1149,"{""value"": 12}",int
loss_function,1140,"{""value"": ""mse""}",enum
random_seed,948,"{""value"": 32461}",int
optimizer,1115,"{""value"": ""sgd""}",enum
colsample_bytree,1435,"{""value"": 0.68}",float
momentum,531,"{""value"": 0.00}",float
learning_rate,1148,"{""value"": 0.00618}",float
num_layers,217,"{""value"": 8}",int
early_stopping_rounds,1195,"{""value"": 10}",int
max_depth,1302,"{""value"": 12}",int
min_samples_leaf,319,"{""value"": 6}",int
batch_size,127,"{""value"": 256}",int
patience,809,"{""value"": 14}",int
dropout,494,"{""value"": 0.50}",float
num_epochs,1442,"{""value"": 14}",int
subsample,1188,"{""value"": 0.99}",float
loss_function,1143,"{""value"": ""mse""}",enum
learning_rate,400,"{""value"": 0.00298}",float
random_seed,985,"{""value"": 74257}",int
weight_decay,552,"{""value"": 0.00925}",float
num_layers,356,"{""value"": 8}",int
colsample_bytree,598,"{""value"": 0.53}",float
activation,301,"{""value"": ""gelu""}",enum
early_stopping_rounds,206,"{""value"": 14}",int
hidden_size,1365,"{""value"": 64}",int
optimizer,578,"{""value"": ""sgd""}",enum
min_samples_split,735,"{""value"": 15}",int
activation,535,"{""value"": ""relu""}",enum
early_stopping_rounds,680,"{""value"": 7}",int
regularization_lambda,186,"{""value"": 0.85}",float
hidden_size,228,"{""value"": 128}",int
learning_rate,304,"{""value"": 0.00149}",float
min_samples_split,1325,"{""value"": 20}",int
weight_decay,1450,"{""value"": 0.00797}",float
num_epochs,644,"{""value"": 138}",int
momentum,950,"{""value"": 0.20}",float
loss_function,522,"{""value"": ""huber""}",enum
max_depth,636,"{""value"": 22}",int
batch_size,819,"{""value"": 128}",int
patience,504,"{""value"": 7}",int
optimizer,345,"{""value"": ""sgd""}",enum
dropout,231,"{""value"": 0.08}",float
random_seed,1361,"{""value"": 96179}",int
colsample_bytree,1439,"{""value"": 0.68}",float
subsample,63,"{""value"": 0.92}",float
min_samples_leaf,1176,"{""value"": 9}",int
num_layers,657,"{""value"": 5}",int
subsample,1274,"{""value"": 0.93}",float
patience,151,"{""value"": 4}",int
min_samples_leaf,770,"{""value"": 9}",int
dropout,787,"{""value"": 0.22}",float
optimizer,1085,"{""value"": ""sgd""}",enum
num_layers,59,"{""value"": 10}",int
early_stopping_rounds,396,"{""value"": 15}",int
learning_rate,287,"{""value"": 0.00524}",float
weight_decay,592,"{""value"": 0.00638}",float
random_seed,1072,"{""value"": 46632}",int
batch_size,14,"{""value"": 256}",int
hidden_size,679,"{""value"": 512}",int
colsample_bytree,585,"{""value"": 0.69}",float
regularization_lambda,775,"{""value"": 0.67}",float
min_samples_split,783,"{""value"": 5}",int
loss_function,1394,"{""value"": ""cross_entropy""}",enum
max_depth,222,"{""value"": 15}",int
num_epochs,774,"{""value"": 44}",int
activation,923,"{""value"": ""gelu""}",enum
momentum,1257,"{""value"": 0.40}",float
weight_decay,1131,"{""value"": 0.00734}",float
activation,1422,"{""value"": ""gelu""}",enum
regularization_lambda,41,"{""value"": 0.89}",float
optimizer,914,"{""value"": ""rmsprop""}",enum
random_seed,394,"{""value"": 12130}",int
learning_rate,722,"{""value"": 0.00237}",float
colsample_bytree,372,"{""value"": 0.66}",float
patience,595,"{""value"": 18}",int
max_depth,658,"{""value"": 23}",int
early_stopping_rounds,4,"{""value"": 35}",int
hidden_size,940,"{""value"": 32}",int
dropout,951,"{""value"": 0.38}",float
min_samples_split,959,"{""value"": 6}",int
num_layers,399,"{""value"": 7}",int
num_epochs,1272,"{""value"": 194}",int
momentum,34,"{""value"": 0.53}",float
subsample,915,"{""value"": 0.95}",float
loss_function,1362,"{""value"": ""cross_entropy""}",enum
min_samples_leaf,1204,"{""value"": 9}",int
colsample_bytree,314,"{""value"": 0.92}",float
early_stopping_rounds,106,"{""value"": 11}",int
patience,207,"{""value"": 8}",int
regularization_lambda,268,"{""value"": 0.63}",float
dropout,38,"{""value"": 0.28}",float
max_depth,1008,"{""value"": 22}",int
min_samples_split,1410,"{""value"": 9}",int
num_epochs,1497,"{""value"": 119}",int
activation,1498,"{""value"": ""gelu""}",enum
subsample,1406,"{""value"": 0.50}",float
num_layers,109,"{""value"": 4}",int
momentum,153,"{""value"": 0.77}",float
min_samples_leaf,1009,"{""value"": 6}",int
learning_rate,1081,"{""value"": 0.00674}",float
loss_function,1349,"{""value"": ""cross_entropy""}",enum
weight_decay,877,"{""value"": 0.00796}",float
hidden_size,1289,"{""value"": 64}",int
momentum,68,"{""value"": 0.45}",float
random_seed,198,"{""value"": 49493}",int
colsample_bytree,1373,"{""value"": 0.64}",float
regularization_lambda,568,"{""value"": 0.12}",float
patience,1217,"{""value"": 4}",int
min_samples_split,31,"{""value"": 13}",int
learning_rate,651,"{""value"": 0.00939}",float
weight_decay,1207,"{""value"": 0.00028}",float
activation,731,"{""value"": ""relu""}",enum
subsample,646,"{""value"": 0.85}",float
hidden_size,629,"{""value"": 32}",int
min_samples_leaf,333,"{""value"": 3}",int
max_depth,898,"{""value"": 23}",int
optimizer,418,"{""value"": ""adam""}",enum
batch_size,1496,"{""value"": 128}",int
early_stopping_rounds,846,"{""value"": 6}",int
loss_function,1027,"{""value"": ""cross_entropy""}",enum
dropout,1051,"{""value"": 0.31}",float
num_epochs,1433,"{""value"": 11}",int
patience,1201,"{""value"": 14}",int
min_samples_split,918,"{""value"": 19}",int
learning_rate,1171,"{""value"": 0.00936}",float
weight_decay,1060,"{""value"": 0.00820}",float
activation,1220,"{""value"": ""gelu""}",enum
subsample,714,"{""value"": 0.75}",float
hidden_size,1033,"{""value"": 64}",int
min_samples_leaf,543,"{""value"": 10}",int
max_depth,24,"{""value"": 21}",int
optimizer,232,"{""value"": ""sgd""}",enum
batch_size,388,"{""value"": 16}",int
early_stopping_rounds,1200,"{""value"": 22}",int
loss_function,330,"{""value"": ""mae""}",enum
dropout,1460,"{""value"": 0.20}",float
num_epochs,693,"{""value"": 22}",int
momentum,152,"{""value"": 0.61}",float
random_seed,425,"{""value"": 7251}",int
colsample_bytree,565,"{""value"": 0.58}",float
regularization_lambda,1112,"{""value"": 0.15}",float
num_layers,442,"{""value"": 3}",int
regularization_lambda,579,"{""value"": 0.22}",float
loss_function,344,"{""value"": ""cross_entropy""}",enum
learning_rate,804,"{""value"": 0.00702}",float
dropout,28,"{""value"": 0.60}",float
weight_decay,642,"{""value"": 0.00657}",float
subsample,763,"{""value"": 0.53}",float
min_samples_leaf,43,"{""value"": 7}",int
colsample_bytree,1180,"{""value"": 0.58}",float
patience,852,"{""value"": 10}",int
min_samples_split,294,"{""value"": 8}",int
early_stopping_rounds,765,"{""value"": 41}",int
optimizer,526,"{""value"": ""adamw""}",enum
random_seed,884,"{""value"": 25377}",int
num_epochs,148,"{""value"": 71}",int
momentum,1184,"{""value"": 0.28}",float
hidden_size,838,"{""value"": 64}",int
max_depth,513,"{""value"": 9}",int
num_layers,125,"{""value"": 3}",int
batch_size,1125,"{""value"": 32}",int
activation,455,"{""value"": ""gelu""}",enum
optimizer,1298,"{""value"": ""adamw""}",enum
batch_size,817,"{""value"": 64}",int
early_stopping_rounds,559,"{""value"": 13}",int
loss_function,584,"{""value"": ""huber""}",enum
dropout,976,"{""value"": 0.46}",float
num_epochs,332,"{""value"": 167}",int
momentum,295,"{""value"": 0.06}",float
random_seed,1021,"{""value"": 74842}",int
regularization_lambda,973,"{""value"": 0.46}",float
num_layers,631,"{""value"": 1}",int
patience,405,"{""value"": 8}",int
min_samples_split,571,"{""value"": 5}",int
learning_rate,1429,"{""value"": 0.00530}",float
weight_decay,281,"{""value"": 0.00884}",float
activation,497,"{""value"": ""sigmoid""}",enum
subsample,938,"{""value"": 0.94}",float
hidden_size,489,"{""value"": 64}",int
min_samples_leaf,432,"{""value"": 4}",int
max_depth,1377,"{""value"": 9}",int
min_samples_leaf,369,"{""value"": 7}",int
num_layers,1449,"{""value"": 1}",int
learning_rate,1079,"{""value"": 0.00887}",float
num_epochs,230,"{""value"": 34}",int
patience,1360,"{""value"": 11}",int
weight_decay,859,"{""value"": 0.00818}",float
subsample,1137,"{""value"": 0.99}",float
optimizer,47,"{""value"": ""sgd""}",enum
hidden_size,1462,"{""value"": 32}",int
min_samples_split,165,"{""value"": 9}",int
early_stopping_rounds,1492,"{""value"": 32}",int
loss_function,178,"{""value"": ""cross_entropy""}",enum
random_seed,1335,"{""value"": 70277}",int
dropout,94,"{""value"": 0.22}",float
max_depth,129,"{""value"": 17}",int
colsample_bytree,781,"{""value"": 0.54}",float
batch_size,1415,"{""value"": 32}",int
activation,1420,"{""value"": ""relu""}",enum
momentum,209,"{""value"": 0.21}",float
regularization_lambda,241,"{""value"": 0.41}",float
random_seed,1122,"{""value"": 65341}",int
optimizer,499,"{""value"": ""adamw""}",enum
colsample_bytree,645,"{""value"": 0.95}",float
momentum,492,"{""value"": 0.39}",float
learning_rate,459,"{""value"": 0.00108}",float
num_layers,941,"{""value"": 3}",int
early_stopping_rounds,798,"{""value"": 38}",int
max_depth,377,"{""value"": 12}",int
dropout,1,"{""value"": 0.29}",float
activation,33,"{""value"": ""selu""}",enum
hidden_size,957,"{""value"": 16}",int
weight_decay,1011,"{""value"": 0.00353}",float
regularization_lambda,1479,"{""value"": 0.28}",float
min_samples_leaf,647,"{""value"": 5}",int
min_samples_split,1358,"{""value"": 4}",int
num_epochs,1078,"{""value"": 51}",int
batch_size,744,"{""value"": 64}",int
subsample,771,"{""value"": 0.98}",float
patience,1242,"{""value"": 5}",int
